--------------------------------------------------------
-- Archivo creado  - miércoles-noviembre-22-2017   
--------------------------------------------------------
REM INSERTING into USER_MIS_OFERTAS.CARGAR_PUNTOS
SET DEFINE OFF;
REM INSERTING into USER_MIS_OFERTAS.CARGO
SET DEFINE OFF;
Insert into USER_MIS_OFERTAS.CARGO (IDCARGO,DESCRIPCION) values ('1','GERENTE');
Insert into USER_MIS_OFERTAS.CARGO (IDCARGO,DESCRIPCION) values ('2','ADMINISTRADOR');
Insert into USER_MIS_OFERTAS.CARGO (IDCARGO,DESCRIPCION) values ('3','ENCARGADO');
REM INSERTING into USER_MIS_OFERTAS.CATEGORIA
SET DEFINE OFF;
Insert into USER_MIS_OFERTAS.CATEGORIA (ID_CATEGORIA,DESCRIPCION) values ('1','asd');
Insert into USER_MIS_OFERTAS.CATEGORIA (ID_CATEGORIA,DESCRIPCION) values ('3','WQE');
Insert into USER_MIS_OFERTAS.CATEGORIA (ID_CATEGORIA,DESCRIPCION) values ('2','descs');
Insert into USER_MIS_OFERTAS.CATEGORIA (ID_CATEGORIA,DESCRIPCION) values ('4','RETDGVXD');
Insert into USER_MIS_OFERTAS.CATEGORIA (ID_CATEGORIA,DESCRIPCION) values ('6','TTTTT');
Insert into USER_MIS_OFERTAS.CATEGORIA (ID_CATEGORIA,DESCRIPCION) values ('5','Videojuegos');
Insert into USER_MIS_OFERTAS.CATEGORIA (ID_CATEGORIA,DESCRIPCION) values ('7','Software');
Insert into USER_MIS_OFERTAS.CATEGORIA (ID_CATEGORIA,DESCRIPCION) values ('8','Hardware');
REM INSERTING into USER_MIS_OFERTAS.CIUDAD
SET DEFINE OFF;
Insert into USER_MIS_OFERTAS.CIUDAD (ID_CIUDAD,DESCRIPCION,NOMBRE,REGION_ID_REGION) values ('1','SANTIAGO','SANTIAGO','1');
Insert into USER_MIS_OFERTAS.CIUDAD (ID_CIUDAD,DESCRIPCION,NOMBRE,REGION_ID_REGION) values ('2','c','Concepcion','1');
Insert into USER_MIS_OFERTAS.CIUDAD (ID_CIUDAD,DESCRIPCION,NOMBRE,REGION_ID_REGION) values ('142',null,'Iquique','2');
Insert into USER_MIS_OFERTAS.CIUDAD (ID_CIUDAD,DESCRIPCION,NOMBRE,REGION_ID_REGION) values ('279',null,'Alto Hospicio','2');
Insert into USER_MIS_OFERTAS.CIUDAD (ID_CIUDAD,DESCRIPCION,NOMBRE,REGION_ID_REGION) values ('3',null,'Pozo Almonte','2');
Insert into USER_MIS_OFERTAS.CIUDAD (ID_CIUDAD,DESCRIPCION,NOMBRE,REGION_ID_REGION) values ('4',null,'Camiña','2');
Insert into USER_MIS_OFERTAS.CIUDAD (ID_CIUDAD,DESCRIPCION,NOMBRE,REGION_ID_REGION) values ('5',null,'Colchane','2');
Insert into USER_MIS_OFERTAS.CIUDAD (ID_CIUDAD,DESCRIPCION,NOMBRE,REGION_ID_REGION) values ('6',null,'Huara','2');
Insert into USER_MIS_OFERTAS.CIUDAD (ID_CIUDAD,DESCRIPCION,NOMBRE,REGION_ID_REGION) values ('7',null,'Pica','2');
Insert into USER_MIS_OFERTAS.CIUDAD (ID_CIUDAD,DESCRIPCION,NOMBRE,REGION_ID_REGION) values ('8',null,'Antofagasta','3');
Insert into USER_MIS_OFERTAS.CIUDAD (ID_CIUDAD,DESCRIPCION,NOMBRE,REGION_ID_REGION) values ('9',null,'Mejillones','3');
Insert into USER_MIS_OFERTAS.CIUDAD (ID_CIUDAD,DESCRIPCION,NOMBRE,REGION_ID_REGION) values ('10',null,'Sierra Gorda','3');
Insert into USER_MIS_OFERTAS.CIUDAD (ID_CIUDAD,DESCRIPCION,NOMBRE,REGION_ID_REGION) values ('11',null,'Taltal','3');
Insert into USER_MIS_OFERTAS.CIUDAD (ID_CIUDAD,DESCRIPCION,NOMBRE,REGION_ID_REGION) values ('12',null,'Calama','4');
Insert into USER_MIS_OFERTAS.CIUDAD (ID_CIUDAD,DESCRIPCION,NOMBRE,REGION_ID_REGION) values ('13',null,'Ollagüe','4');
Insert into USER_MIS_OFERTAS.CIUDAD (ID_CIUDAD,DESCRIPCION,NOMBRE,REGION_ID_REGION) values ('14',null,'San Pedro de Atacama','4');
Insert into USER_MIS_OFERTAS.CIUDAD (ID_CIUDAD,DESCRIPCION,NOMBRE,REGION_ID_REGION) values ('15',null,'Tocopilla','4');
Insert into USER_MIS_OFERTAS.CIUDAD (ID_CIUDAD,DESCRIPCION,NOMBRE,REGION_ID_REGION) values ('16',null,'María Elena','4');
Insert into USER_MIS_OFERTAS.CIUDAD (ID_CIUDAD,DESCRIPCION,NOMBRE,REGION_ID_REGION) values ('17',null,'Copiapó','4');
Insert into USER_MIS_OFERTAS.CIUDAD (ID_CIUDAD,DESCRIPCION,NOMBRE,REGION_ID_REGION) values ('18',null,'Caldera','4');
Insert into USER_MIS_OFERTAS.CIUDAD (ID_CIUDAD,DESCRIPCION,NOMBRE,REGION_ID_REGION) values ('19',null,'Tierra Amarilla','4');
Insert into USER_MIS_OFERTAS.CIUDAD (ID_CIUDAD,DESCRIPCION,NOMBRE,REGION_ID_REGION) values ('20',null,'Chañaral','4');
Insert into USER_MIS_OFERTAS.CIUDAD (ID_CIUDAD,DESCRIPCION,NOMBRE,REGION_ID_REGION) values ('21',null,'Diego de Almagro','4');
Insert into USER_MIS_OFERTAS.CIUDAD (ID_CIUDAD,DESCRIPCION,NOMBRE,REGION_ID_REGION) values ('22',null,'Vallenar','5');
Insert into USER_MIS_OFERTAS.CIUDAD (ID_CIUDAD,DESCRIPCION,NOMBRE,REGION_ID_REGION) values ('23',null,'Alto del Carmen','5');
Insert into USER_MIS_OFERTAS.CIUDAD (ID_CIUDAD,DESCRIPCION,NOMBRE,REGION_ID_REGION) values ('24',null,'Freirina','5');
Insert into USER_MIS_OFERTAS.CIUDAD (ID_CIUDAD,DESCRIPCION,NOMBRE,REGION_ID_REGION) values ('25',null,'Huasco','5');
Insert into USER_MIS_OFERTAS.CIUDAD (ID_CIUDAD,DESCRIPCION,NOMBRE,REGION_ID_REGION) values ('26',null,'La Serena','5');
Insert into USER_MIS_OFERTAS.CIUDAD (ID_CIUDAD,DESCRIPCION,NOMBRE,REGION_ID_REGION) values ('27',null,'Coquimbo','5');
Insert into USER_MIS_OFERTAS.CIUDAD (ID_CIUDAD,DESCRIPCION,NOMBRE,REGION_ID_REGION) values ('28',null,'Andacollo','5');
Insert into USER_MIS_OFERTAS.CIUDAD (ID_CIUDAD,DESCRIPCION,NOMBRE,REGION_ID_REGION) values ('29',null,'La Higuera','5');
Insert into USER_MIS_OFERTAS.CIUDAD (ID_CIUDAD,DESCRIPCION,NOMBRE,REGION_ID_REGION) values ('30',null,'Paihuano','5');
Insert into USER_MIS_OFERTAS.CIUDAD (ID_CIUDAD,DESCRIPCION,NOMBRE,REGION_ID_REGION) values ('31',null,'Vicuña','5');
Insert into USER_MIS_OFERTAS.CIUDAD (ID_CIUDAD,DESCRIPCION,NOMBRE,REGION_ID_REGION) values ('32',null,'Illapel','5');
Insert into USER_MIS_OFERTAS.CIUDAD (ID_CIUDAD,DESCRIPCION,NOMBRE,REGION_ID_REGION) values ('33',null,'Canela','5');
Insert into USER_MIS_OFERTAS.CIUDAD (ID_CIUDAD,DESCRIPCION,NOMBRE,REGION_ID_REGION) values ('34',null,'Los Vilos','5');
Insert into USER_MIS_OFERTAS.CIUDAD (ID_CIUDAD,DESCRIPCION,NOMBRE,REGION_ID_REGION) values ('35',null,'Salamanca','5');
Insert into USER_MIS_OFERTAS.CIUDAD (ID_CIUDAD,DESCRIPCION,NOMBRE,REGION_ID_REGION) values ('36',null,'Ovalle','5');
Insert into USER_MIS_OFERTAS.CIUDAD (ID_CIUDAD,DESCRIPCION,NOMBRE,REGION_ID_REGION) values ('37',null,'Combarbalá','5');
Insert into USER_MIS_OFERTAS.CIUDAD (ID_CIUDAD,DESCRIPCION,NOMBRE,REGION_ID_REGION) values ('38',null,'Monte Patria','5');
Insert into USER_MIS_OFERTAS.CIUDAD (ID_CIUDAD,DESCRIPCION,NOMBRE,REGION_ID_REGION) values ('39',null,'Punitaqui','5');
Insert into USER_MIS_OFERTAS.CIUDAD (ID_CIUDAD,DESCRIPCION,NOMBRE,REGION_ID_REGION) values ('40',null,'Río Hurtado','5');
Insert into USER_MIS_OFERTAS.CIUDAD (ID_CIUDAD,DESCRIPCION,NOMBRE,REGION_ID_REGION) values ('41',null,'Valparaíso','6');
Insert into USER_MIS_OFERTAS.CIUDAD (ID_CIUDAD,DESCRIPCION,NOMBRE,REGION_ID_REGION) values ('42',null,'Casablanca','6');
Insert into USER_MIS_OFERTAS.CIUDAD (ID_CIUDAD,DESCRIPCION,NOMBRE,REGION_ID_REGION) values ('43',null,'Concón','6');
Insert into USER_MIS_OFERTAS.CIUDAD (ID_CIUDAD,DESCRIPCION,NOMBRE,REGION_ID_REGION) values ('44',null,'Juan Fernández','6');
Insert into USER_MIS_OFERTAS.CIUDAD (ID_CIUDAD,DESCRIPCION,NOMBRE,REGION_ID_REGION) values ('45',null,'Puchuncaví','6');
Insert into USER_MIS_OFERTAS.CIUDAD (ID_CIUDAD,DESCRIPCION,NOMBRE,REGION_ID_REGION) values ('46',null,'Quintero','6');
Insert into USER_MIS_OFERTAS.CIUDAD (ID_CIUDAD,DESCRIPCION,NOMBRE,REGION_ID_REGION) values ('47',null,'Viña del Mar','6');
Insert into USER_MIS_OFERTAS.CIUDAD (ID_CIUDAD,DESCRIPCION,NOMBRE,REGION_ID_REGION) values ('48',null,'Isla de Pascua','6');
Insert into USER_MIS_OFERTAS.CIUDAD (ID_CIUDAD,DESCRIPCION,NOMBRE,REGION_ID_REGION) values ('49',null,'Los Andes','6');
Insert into USER_MIS_OFERTAS.CIUDAD (ID_CIUDAD,DESCRIPCION,NOMBRE,REGION_ID_REGION) values ('50',null,'Calle Larga','6');
Insert into USER_MIS_OFERTAS.CIUDAD (ID_CIUDAD,DESCRIPCION,NOMBRE,REGION_ID_REGION) values ('51',null,'Rinconada','6');
Insert into USER_MIS_OFERTAS.CIUDAD (ID_CIUDAD,DESCRIPCION,NOMBRE,REGION_ID_REGION) values ('52',null,'San Esteban','6');
Insert into USER_MIS_OFERTAS.CIUDAD (ID_CIUDAD,DESCRIPCION,NOMBRE,REGION_ID_REGION) values ('53',null,'La Ligua','6');
Insert into USER_MIS_OFERTAS.CIUDAD (ID_CIUDAD,DESCRIPCION,NOMBRE,REGION_ID_REGION) values ('54',null,'Cabildo','6');
Insert into USER_MIS_OFERTAS.CIUDAD (ID_CIUDAD,DESCRIPCION,NOMBRE,REGION_ID_REGION) values ('55',null,'Papudo','6');
Insert into USER_MIS_OFERTAS.CIUDAD (ID_CIUDAD,DESCRIPCION,NOMBRE,REGION_ID_REGION) values ('56',null,'Petorca','6');
Insert into USER_MIS_OFERTAS.CIUDAD (ID_CIUDAD,DESCRIPCION,NOMBRE,REGION_ID_REGION) values ('57',null,'Zapallar','6');
Insert into USER_MIS_OFERTAS.CIUDAD (ID_CIUDAD,DESCRIPCION,NOMBRE,REGION_ID_REGION) values ('58',null,'Quillota','6');
Insert into USER_MIS_OFERTAS.CIUDAD (ID_CIUDAD,DESCRIPCION,NOMBRE,REGION_ID_REGION) values ('59',null,'La Calera','6');
Insert into USER_MIS_OFERTAS.CIUDAD (ID_CIUDAD,DESCRIPCION,NOMBRE,REGION_ID_REGION) values ('60',null,'Hijuelas','6');
Insert into USER_MIS_OFERTAS.CIUDAD (ID_CIUDAD,DESCRIPCION,NOMBRE,REGION_ID_REGION) values ('61',null,'La Cruz','6');
Insert into USER_MIS_OFERTAS.CIUDAD (ID_CIUDAD,DESCRIPCION,NOMBRE,REGION_ID_REGION) values ('62',null,'Nogales','6');
Insert into USER_MIS_OFERTAS.CIUDAD (ID_CIUDAD,DESCRIPCION,NOMBRE,REGION_ID_REGION) values ('63',null,'San Antonio','6');
Insert into USER_MIS_OFERTAS.CIUDAD (ID_CIUDAD,DESCRIPCION,NOMBRE,REGION_ID_REGION) values ('64',null,'Algarrobo','6');
Insert into USER_MIS_OFERTAS.CIUDAD (ID_CIUDAD,DESCRIPCION,NOMBRE,REGION_ID_REGION) values ('65',null,'Cartagena','6');
Insert into USER_MIS_OFERTAS.CIUDAD (ID_CIUDAD,DESCRIPCION,NOMBRE,REGION_ID_REGION) values ('66',null,'El Quisco','6');
Insert into USER_MIS_OFERTAS.CIUDAD (ID_CIUDAD,DESCRIPCION,NOMBRE,REGION_ID_REGION) values ('67',null,'El Tabo','6');
Insert into USER_MIS_OFERTAS.CIUDAD (ID_CIUDAD,DESCRIPCION,NOMBRE,REGION_ID_REGION) values ('68',null,'Santo Domingo','6');
Insert into USER_MIS_OFERTAS.CIUDAD (ID_CIUDAD,DESCRIPCION,NOMBRE,REGION_ID_REGION) values ('69',null,'San Felipe','6');
Insert into USER_MIS_OFERTAS.CIUDAD (ID_CIUDAD,DESCRIPCION,NOMBRE,REGION_ID_REGION) values ('70',null,'Catemu','6');
Insert into USER_MIS_OFERTAS.CIUDAD (ID_CIUDAD,DESCRIPCION,NOMBRE,REGION_ID_REGION) values ('71',null,'Llay Llay','6');
Insert into USER_MIS_OFERTAS.CIUDAD (ID_CIUDAD,DESCRIPCION,NOMBRE,REGION_ID_REGION) values ('72',null,'Panquehue','6');
Insert into USER_MIS_OFERTAS.CIUDAD (ID_CIUDAD,DESCRIPCION,NOMBRE,REGION_ID_REGION) values ('73',null,'Putaendo','6');
Insert into USER_MIS_OFERTAS.CIUDAD (ID_CIUDAD,DESCRIPCION,NOMBRE,REGION_ID_REGION) values ('74',null,'Santa María','6');
Insert into USER_MIS_OFERTAS.CIUDAD (ID_CIUDAD,DESCRIPCION,NOMBRE,REGION_ID_REGION) values ('75',null,'Quilpué','6');
Insert into USER_MIS_OFERTAS.CIUDAD (ID_CIUDAD,DESCRIPCION,NOMBRE,REGION_ID_REGION) values ('76',null,'Limache','6');
Insert into USER_MIS_OFERTAS.CIUDAD (ID_CIUDAD,DESCRIPCION,NOMBRE,REGION_ID_REGION) values ('77',null,'Olmué','6');
Insert into USER_MIS_OFERTAS.CIUDAD (ID_CIUDAD,DESCRIPCION,NOMBRE,REGION_ID_REGION) values ('78',null,'Villa Alemana','6');
Insert into USER_MIS_OFERTAS.CIUDAD (ID_CIUDAD,DESCRIPCION,NOMBRE,REGION_ID_REGION) values ('79',null,'Rancagua','7');
Insert into USER_MIS_OFERTAS.CIUDAD (ID_CIUDAD,DESCRIPCION,NOMBRE,REGION_ID_REGION) values ('80',null,'Codegua','7');
Insert into USER_MIS_OFERTAS.CIUDAD (ID_CIUDAD,DESCRIPCION,NOMBRE,REGION_ID_REGION) values ('81',null,'Coinco','7');
Insert into USER_MIS_OFERTAS.CIUDAD (ID_CIUDAD,DESCRIPCION,NOMBRE,REGION_ID_REGION) values ('82',null,'Coltauco','7');
Insert into USER_MIS_OFERTAS.CIUDAD (ID_CIUDAD,DESCRIPCION,NOMBRE,REGION_ID_REGION) values ('83',null,'Doñihue','7');
Insert into USER_MIS_OFERTAS.CIUDAD (ID_CIUDAD,DESCRIPCION,NOMBRE,REGION_ID_REGION) values ('84',null,'Graneros','7');
Insert into USER_MIS_OFERTAS.CIUDAD (ID_CIUDAD,DESCRIPCION,NOMBRE,REGION_ID_REGION) values ('85',null,'Las Cabras','7');
Insert into USER_MIS_OFERTAS.CIUDAD (ID_CIUDAD,DESCRIPCION,NOMBRE,REGION_ID_REGION) values ('86',null,'Machalí','7');
Insert into USER_MIS_OFERTAS.CIUDAD (ID_CIUDAD,DESCRIPCION,NOMBRE,REGION_ID_REGION) values ('87',null,'Malloa','7');
Insert into USER_MIS_OFERTAS.CIUDAD (ID_CIUDAD,DESCRIPCION,NOMBRE,REGION_ID_REGION) values ('88',null,'Mostazal','7');
Insert into USER_MIS_OFERTAS.CIUDAD (ID_CIUDAD,DESCRIPCION,NOMBRE,REGION_ID_REGION) values ('89',null,'Olivar','7');
Insert into USER_MIS_OFERTAS.CIUDAD (ID_CIUDAD,DESCRIPCION,NOMBRE,REGION_ID_REGION) values ('90',null,'Peumo','7');
Insert into USER_MIS_OFERTAS.CIUDAD (ID_CIUDAD,DESCRIPCION,NOMBRE,REGION_ID_REGION) values ('91',null,'Pichidegua','7');
Insert into USER_MIS_OFERTAS.CIUDAD (ID_CIUDAD,DESCRIPCION,NOMBRE,REGION_ID_REGION) values ('92',null,'Quinta de Tilcoco','7');
Insert into USER_MIS_OFERTAS.CIUDAD (ID_CIUDAD,DESCRIPCION,NOMBRE,REGION_ID_REGION) values ('93',null,'Rengo','7');
Insert into USER_MIS_OFERTAS.CIUDAD (ID_CIUDAD,DESCRIPCION,NOMBRE,REGION_ID_REGION) values ('94',null,'Requínoa','7');
Insert into USER_MIS_OFERTAS.CIUDAD (ID_CIUDAD,DESCRIPCION,NOMBRE,REGION_ID_REGION) values ('95',null,'San Vicente','7');
Insert into USER_MIS_OFERTAS.CIUDAD (ID_CIUDAD,DESCRIPCION,NOMBRE,REGION_ID_REGION) values ('96',null,'Pichilemu','7');
Insert into USER_MIS_OFERTAS.CIUDAD (ID_CIUDAD,DESCRIPCION,NOMBRE,REGION_ID_REGION) values ('97',null,'La Estrella','7');
Insert into USER_MIS_OFERTAS.CIUDAD (ID_CIUDAD,DESCRIPCION,NOMBRE,REGION_ID_REGION) values ('98',null,'Litueche','7');
Insert into USER_MIS_OFERTAS.CIUDAD (ID_CIUDAD,DESCRIPCION,NOMBRE,REGION_ID_REGION) values ('99',null,'Marchihue','7');
Insert into USER_MIS_OFERTAS.CIUDAD (ID_CIUDAD,DESCRIPCION,NOMBRE,REGION_ID_REGION) values ('100',null,'Navidad','7');
Insert into USER_MIS_OFERTAS.CIUDAD (ID_CIUDAD,DESCRIPCION,NOMBRE,REGION_ID_REGION) values ('101',null,'Paredones','7');
Insert into USER_MIS_OFERTAS.CIUDAD (ID_CIUDAD,DESCRIPCION,NOMBRE,REGION_ID_REGION) values ('102',null,'San Fernando','7');
Insert into USER_MIS_OFERTAS.CIUDAD (ID_CIUDAD,DESCRIPCION,NOMBRE,REGION_ID_REGION) values ('103',null,'Chépica','7');
Insert into USER_MIS_OFERTAS.CIUDAD (ID_CIUDAD,DESCRIPCION,NOMBRE,REGION_ID_REGION) values ('104',null,'Chimbarongo','7');
Insert into USER_MIS_OFERTAS.CIUDAD (ID_CIUDAD,DESCRIPCION,NOMBRE,REGION_ID_REGION) values ('105',null,'Lolol','7');
Insert into USER_MIS_OFERTAS.CIUDAD (ID_CIUDAD,DESCRIPCION,NOMBRE,REGION_ID_REGION) values ('106',null,'Nancagua','7');
Insert into USER_MIS_OFERTAS.CIUDAD (ID_CIUDAD,DESCRIPCION,NOMBRE,REGION_ID_REGION) values ('107',null,'Palmilla','7');
Insert into USER_MIS_OFERTAS.CIUDAD (ID_CIUDAD,DESCRIPCION,NOMBRE,REGION_ID_REGION) values ('108',null,'Peralillo','7');
Insert into USER_MIS_OFERTAS.CIUDAD (ID_CIUDAD,DESCRIPCION,NOMBRE,REGION_ID_REGION) values ('109',null,'Placilla','7');
Insert into USER_MIS_OFERTAS.CIUDAD (ID_CIUDAD,DESCRIPCION,NOMBRE,REGION_ID_REGION) values ('110',null,'Pumanque','7');
Insert into USER_MIS_OFERTAS.CIUDAD (ID_CIUDAD,DESCRIPCION,NOMBRE,REGION_ID_REGION) values ('111',null,'Santa Cruz','7');
Insert into USER_MIS_OFERTAS.CIUDAD (ID_CIUDAD,DESCRIPCION,NOMBRE,REGION_ID_REGION) values ('112',null,'Talca','8');
Insert into USER_MIS_OFERTAS.CIUDAD (ID_CIUDAD,DESCRIPCION,NOMBRE,REGION_ID_REGION) values ('113',null,'Constitución','8');
Insert into USER_MIS_OFERTAS.CIUDAD (ID_CIUDAD,DESCRIPCION,NOMBRE,REGION_ID_REGION) values ('114',null,'Curepto','8');
Insert into USER_MIS_OFERTAS.CIUDAD (ID_CIUDAD,DESCRIPCION,NOMBRE,REGION_ID_REGION) values ('115',null,'Empedrado','8');
Insert into USER_MIS_OFERTAS.CIUDAD (ID_CIUDAD,DESCRIPCION,NOMBRE,REGION_ID_REGION) values ('116',null,'Maule','8');
Insert into USER_MIS_OFERTAS.CIUDAD (ID_CIUDAD,DESCRIPCION,NOMBRE,REGION_ID_REGION) values ('117',null,'Pelarco','8');
Insert into USER_MIS_OFERTAS.CIUDAD (ID_CIUDAD,DESCRIPCION,NOMBRE,REGION_ID_REGION) values ('118',null,'Pencahue','8');
Insert into USER_MIS_OFERTAS.CIUDAD (ID_CIUDAD,DESCRIPCION,NOMBRE,REGION_ID_REGION) values ('119',null,'Río Claro','8');
Insert into USER_MIS_OFERTAS.CIUDAD (ID_CIUDAD,DESCRIPCION,NOMBRE,REGION_ID_REGION) values ('120',null,'San Clemente','8');
Insert into USER_MIS_OFERTAS.CIUDAD (ID_CIUDAD,DESCRIPCION,NOMBRE,REGION_ID_REGION) values ('121',null,'San Rafael','8');
Insert into USER_MIS_OFERTAS.CIUDAD (ID_CIUDAD,DESCRIPCION,NOMBRE,REGION_ID_REGION) values ('122',null,'Cauquenes','8');
Insert into USER_MIS_OFERTAS.CIUDAD (ID_CIUDAD,DESCRIPCION,NOMBRE,REGION_ID_REGION) values ('123',null,'Chanco','8');
Insert into USER_MIS_OFERTAS.CIUDAD (ID_CIUDAD,DESCRIPCION,NOMBRE,REGION_ID_REGION) values ('124',null,'Pelluhue','8');
Insert into USER_MIS_OFERTAS.CIUDAD (ID_CIUDAD,DESCRIPCION,NOMBRE,REGION_ID_REGION) values ('125',null,'Curicó','8');
Insert into USER_MIS_OFERTAS.CIUDAD (ID_CIUDAD,DESCRIPCION,NOMBRE,REGION_ID_REGION) values ('126',null,'Hualañé','8');
Insert into USER_MIS_OFERTAS.CIUDAD (ID_CIUDAD,DESCRIPCION,NOMBRE,REGION_ID_REGION) values ('127',null,'Licantén','8');
Insert into USER_MIS_OFERTAS.CIUDAD (ID_CIUDAD,DESCRIPCION,NOMBRE,REGION_ID_REGION) values ('128',null,'Molina','8');
Insert into USER_MIS_OFERTAS.CIUDAD (ID_CIUDAD,DESCRIPCION,NOMBRE,REGION_ID_REGION) values ('129',null,'Rauco','8');
Insert into USER_MIS_OFERTAS.CIUDAD (ID_CIUDAD,DESCRIPCION,NOMBRE,REGION_ID_REGION) values ('130',null,'Romeral','8');
Insert into USER_MIS_OFERTAS.CIUDAD (ID_CIUDAD,DESCRIPCION,NOMBRE,REGION_ID_REGION) values ('131',null,'Sagrada Familia','8');
Insert into USER_MIS_OFERTAS.CIUDAD (ID_CIUDAD,DESCRIPCION,NOMBRE,REGION_ID_REGION) values ('132',null,'Teno','8');
Insert into USER_MIS_OFERTAS.CIUDAD (ID_CIUDAD,DESCRIPCION,NOMBRE,REGION_ID_REGION) values ('133',null,'Vichuquén','8');
Insert into USER_MIS_OFERTAS.CIUDAD (ID_CIUDAD,DESCRIPCION,NOMBRE,REGION_ID_REGION) values ('134',null,'Linares','8');
Insert into USER_MIS_OFERTAS.CIUDAD (ID_CIUDAD,DESCRIPCION,NOMBRE,REGION_ID_REGION) values ('135',null,'Colbún','8');
Insert into USER_MIS_OFERTAS.CIUDAD (ID_CIUDAD,DESCRIPCION,NOMBRE,REGION_ID_REGION) values ('136',null,'Longaví','8');
Insert into USER_MIS_OFERTAS.CIUDAD (ID_CIUDAD,DESCRIPCION,NOMBRE,REGION_ID_REGION) values ('137',null,'Parral','8');
Insert into USER_MIS_OFERTAS.CIUDAD (ID_CIUDAD,DESCRIPCION,NOMBRE,REGION_ID_REGION) values ('138',null,'Retiro','8');
Insert into USER_MIS_OFERTAS.CIUDAD (ID_CIUDAD,DESCRIPCION,NOMBRE,REGION_ID_REGION) values ('139',null,'San Javier','8');
Insert into USER_MIS_OFERTAS.CIUDAD (ID_CIUDAD,DESCRIPCION,NOMBRE,REGION_ID_REGION) values ('140',null,'Villa Alegre','8');
Insert into USER_MIS_OFERTAS.CIUDAD (ID_CIUDAD,DESCRIPCION,NOMBRE,REGION_ID_REGION) values ('141',null,'Yerbas Buenas','8');
Insert into USER_MIS_OFERTAS.CIUDAD (ID_CIUDAD,DESCRIPCION,NOMBRE,REGION_ID_REGION) values ('143',null,'Coronel','9');
Insert into USER_MIS_OFERTAS.CIUDAD (ID_CIUDAD,DESCRIPCION,NOMBRE,REGION_ID_REGION) values ('144',null,'Chiguayante','9');
Insert into USER_MIS_OFERTAS.CIUDAD (ID_CIUDAD,DESCRIPCION,NOMBRE,REGION_ID_REGION) values ('145',null,'Florida','9');
Insert into USER_MIS_OFERTAS.CIUDAD (ID_CIUDAD,DESCRIPCION,NOMBRE,REGION_ID_REGION) values ('146',null,'Hualqui','9');
Insert into USER_MIS_OFERTAS.CIUDAD (ID_CIUDAD,DESCRIPCION,NOMBRE,REGION_ID_REGION) values ('147',null,'Lota','9');
Insert into USER_MIS_OFERTAS.CIUDAD (ID_CIUDAD,DESCRIPCION,NOMBRE,REGION_ID_REGION) values ('148',null,'Penco','9');
Insert into USER_MIS_OFERTAS.CIUDAD (ID_CIUDAD,DESCRIPCION,NOMBRE,REGION_ID_REGION) values ('149',null,'San Pedro de la Paz','9');
Insert into USER_MIS_OFERTAS.CIUDAD (ID_CIUDAD,DESCRIPCION,NOMBRE,REGION_ID_REGION) values ('150',null,'Santa Juana','9');
Insert into USER_MIS_OFERTAS.CIUDAD (ID_CIUDAD,DESCRIPCION,NOMBRE,REGION_ID_REGION) values ('151',null,'Talcahuano','9');
Insert into USER_MIS_OFERTAS.CIUDAD (ID_CIUDAD,DESCRIPCION,NOMBRE,REGION_ID_REGION) values ('152',null,'Tomé','9');
Insert into USER_MIS_OFERTAS.CIUDAD (ID_CIUDAD,DESCRIPCION,NOMBRE,REGION_ID_REGION) values ('153',null,'Hualpén','9');
Insert into USER_MIS_OFERTAS.CIUDAD (ID_CIUDAD,DESCRIPCION,NOMBRE,REGION_ID_REGION) values ('154',null,'Lebu','9');
Insert into USER_MIS_OFERTAS.CIUDAD (ID_CIUDAD,DESCRIPCION,NOMBRE,REGION_ID_REGION) values ('155',null,'Arauco','9');
Insert into USER_MIS_OFERTAS.CIUDAD (ID_CIUDAD,DESCRIPCION,NOMBRE,REGION_ID_REGION) values ('156',null,'Cañete','9');
Insert into USER_MIS_OFERTAS.CIUDAD (ID_CIUDAD,DESCRIPCION,NOMBRE,REGION_ID_REGION) values ('157',null,'Contulmo','9');
Insert into USER_MIS_OFERTAS.CIUDAD (ID_CIUDAD,DESCRIPCION,NOMBRE,REGION_ID_REGION) values ('158',null,'Curanilahue','9');
Insert into USER_MIS_OFERTAS.CIUDAD (ID_CIUDAD,DESCRIPCION,NOMBRE,REGION_ID_REGION) values ('159',null,'Los Álamos','9');
Insert into USER_MIS_OFERTAS.CIUDAD (ID_CIUDAD,DESCRIPCION,NOMBRE,REGION_ID_REGION) values ('160',null,'Tirúa','9');
Insert into USER_MIS_OFERTAS.CIUDAD (ID_CIUDAD,DESCRIPCION,NOMBRE,REGION_ID_REGION) values ('161',null,'Los Ángeles','9');
Insert into USER_MIS_OFERTAS.CIUDAD (ID_CIUDAD,DESCRIPCION,NOMBRE,REGION_ID_REGION) values ('162',null,'Antuco','9');
Insert into USER_MIS_OFERTAS.CIUDAD (ID_CIUDAD,DESCRIPCION,NOMBRE,REGION_ID_REGION) values ('163',null,'Cabrero','9');
Insert into USER_MIS_OFERTAS.CIUDAD (ID_CIUDAD,DESCRIPCION,NOMBRE,REGION_ID_REGION) values ('164',null,'Laja','9');
Insert into USER_MIS_OFERTAS.CIUDAD (ID_CIUDAD,DESCRIPCION,NOMBRE,REGION_ID_REGION) values ('165',null,'Mulchén','9');
Insert into USER_MIS_OFERTAS.CIUDAD (ID_CIUDAD,DESCRIPCION,NOMBRE,REGION_ID_REGION) values ('166',null,'Nacimiento','9');
Insert into USER_MIS_OFERTAS.CIUDAD (ID_CIUDAD,DESCRIPCION,NOMBRE,REGION_ID_REGION) values ('167',null,'Negrete','9');
Insert into USER_MIS_OFERTAS.CIUDAD (ID_CIUDAD,DESCRIPCION,NOMBRE,REGION_ID_REGION) values ('168',null,'Quilaco','9');
Insert into USER_MIS_OFERTAS.CIUDAD (ID_CIUDAD,DESCRIPCION,NOMBRE,REGION_ID_REGION) values ('169',null,'Quilleco','9');
Insert into USER_MIS_OFERTAS.CIUDAD (ID_CIUDAD,DESCRIPCION,NOMBRE,REGION_ID_REGION) values ('170',null,'San Rosendo','9');
Insert into USER_MIS_OFERTAS.CIUDAD (ID_CIUDAD,DESCRIPCION,NOMBRE,REGION_ID_REGION) values ('171',null,'Santa Bárbara','9');
Insert into USER_MIS_OFERTAS.CIUDAD (ID_CIUDAD,DESCRIPCION,NOMBRE,REGION_ID_REGION) values ('172',null,'Tucapel','9');
Insert into USER_MIS_OFERTAS.CIUDAD (ID_CIUDAD,DESCRIPCION,NOMBRE,REGION_ID_REGION) values ('173',null,'Yumbel','9');
Insert into USER_MIS_OFERTAS.CIUDAD (ID_CIUDAD,DESCRIPCION,NOMBRE,REGION_ID_REGION) values ('174',null,'Alto Biobío','9');
Insert into USER_MIS_OFERTAS.CIUDAD (ID_CIUDAD,DESCRIPCION,NOMBRE,REGION_ID_REGION) values ('175',null,'Chillán','9');
Insert into USER_MIS_OFERTAS.CIUDAD (ID_CIUDAD,DESCRIPCION,NOMBRE,REGION_ID_REGION) values ('176',null,'Bulnes','9');
Insert into USER_MIS_OFERTAS.CIUDAD (ID_CIUDAD,DESCRIPCION,NOMBRE,REGION_ID_REGION) values ('177',null,'Cobquecura','9');
Insert into USER_MIS_OFERTAS.CIUDAD (ID_CIUDAD,DESCRIPCION,NOMBRE,REGION_ID_REGION) values ('178',null,'Coelemu','9');
Insert into USER_MIS_OFERTAS.CIUDAD (ID_CIUDAD,DESCRIPCION,NOMBRE,REGION_ID_REGION) values ('179',null,'Coihueco','9');
Insert into USER_MIS_OFERTAS.CIUDAD (ID_CIUDAD,DESCRIPCION,NOMBRE,REGION_ID_REGION) values ('180',null,'Chillán Viejo','9');
Insert into USER_MIS_OFERTAS.CIUDAD (ID_CIUDAD,DESCRIPCION,NOMBRE,REGION_ID_REGION) values ('181',null,'El Carmen','9');
Insert into USER_MIS_OFERTAS.CIUDAD (ID_CIUDAD,DESCRIPCION,NOMBRE,REGION_ID_REGION) values ('182',null,'Ninhue','9');
Insert into USER_MIS_OFERTAS.CIUDAD (ID_CIUDAD,DESCRIPCION,NOMBRE,REGION_ID_REGION) values ('183',null,'Ñiquén','9');
Insert into USER_MIS_OFERTAS.CIUDAD (ID_CIUDAD,DESCRIPCION,NOMBRE,REGION_ID_REGION) values ('184',null,'Pemuco','9');
Insert into USER_MIS_OFERTAS.CIUDAD (ID_CIUDAD,DESCRIPCION,NOMBRE,REGION_ID_REGION) values ('185',null,'Pinto','9');
Insert into USER_MIS_OFERTAS.CIUDAD (ID_CIUDAD,DESCRIPCION,NOMBRE,REGION_ID_REGION) values ('186',null,'Portezuelo','9');
Insert into USER_MIS_OFERTAS.CIUDAD (ID_CIUDAD,DESCRIPCION,NOMBRE,REGION_ID_REGION) values ('187',null,'Quillón','9');
Insert into USER_MIS_OFERTAS.CIUDAD (ID_CIUDAD,DESCRIPCION,NOMBRE,REGION_ID_REGION) values ('188',null,'Quirihue','9');
Insert into USER_MIS_OFERTAS.CIUDAD (ID_CIUDAD,DESCRIPCION,NOMBRE,REGION_ID_REGION) values ('189',null,'Ránquil','9');
Insert into USER_MIS_OFERTAS.CIUDAD (ID_CIUDAD,DESCRIPCION,NOMBRE,REGION_ID_REGION) values ('190',null,'San Carlos','9');
Insert into USER_MIS_OFERTAS.CIUDAD (ID_CIUDAD,DESCRIPCION,NOMBRE,REGION_ID_REGION) values ('191',null,'San Fabián','9');
Insert into USER_MIS_OFERTAS.CIUDAD (ID_CIUDAD,DESCRIPCION,NOMBRE,REGION_ID_REGION) values ('192',null,'San Ignacio','9');
Insert into USER_MIS_OFERTAS.CIUDAD (ID_CIUDAD,DESCRIPCION,NOMBRE,REGION_ID_REGION) values ('193',null,'San Nicolás','9');
Insert into USER_MIS_OFERTAS.CIUDAD (ID_CIUDAD,DESCRIPCION,NOMBRE,REGION_ID_REGION) values ('194',null,'Treguaco','9');
Insert into USER_MIS_OFERTAS.CIUDAD (ID_CIUDAD,DESCRIPCION,NOMBRE,REGION_ID_REGION) values ('195',null,'Yungay','9');
Insert into USER_MIS_OFERTAS.CIUDAD (ID_CIUDAD,DESCRIPCION,NOMBRE,REGION_ID_REGION) values ('196',null,'Temuco','10');
Insert into USER_MIS_OFERTAS.CIUDAD (ID_CIUDAD,DESCRIPCION,NOMBRE,REGION_ID_REGION) values ('197',null,'Carahue','10');
Insert into USER_MIS_OFERTAS.CIUDAD (ID_CIUDAD,DESCRIPCION,NOMBRE,REGION_ID_REGION) values ('198',null,'Cunco','10');
Insert into USER_MIS_OFERTAS.CIUDAD (ID_CIUDAD,DESCRIPCION,NOMBRE,REGION_ID_REGION) values ('199',null,'Curarrehue','10');
Insert into USER_MIS_OFERTAS.CIUDAD (ID_CIUDAD,DESCRIPCION,NOMBRE,REGION_ID_REGION) values ('200',null,'Freire','10');
Insert into USER_MIS_OFERTAS.CIUDAD (ID_CIUDAD,DESCRIPCION,NOMBRE,REGION_ID_REGION) values ('201',null,'Galvarino','10');
Insert into USER_MIS_OFERTAS.CIUDAD (ID_CIUDAD,DESCRIPCION,NOMBRE,REGION_ID_REGION) values ('202',null,'Gorbea','10');
Insert into USER_MIS_OFERTAS.CIUDAD (ID_CIUDAD,DESCRIPCION,NOMBRE,REGION_ID_REGION) values ('203',null,'Lautaro','10');
Insert into USER_MIS_OFERTAS.CIUDAD (ID_CIUDAD,DESCRIPCION,NOMBRE,REGION_ID_REGION) values ('204',null,'Loncoche','10');
Insert into USER_MIS_OFERTAS.CIUDAD (ID_CIUDAD,DESCRIPCION,NOMBRE,REGION_ID_REGION) values ('205',null,'Melipeuco','10');
Insert into USER_MIS_OFERTAS.CIUDAD (ID_CIUDAD,DESCRIPCION,NOMBRE,REGION_ID_REGION) values ('206',null,'Nueva Imperial','10');
Insert into USER_MIS_OFERTAS.CIUDAD (ID_CIUDAD,DESCRIPCION,NOMBRE,REGION_ID_REGION) values ('207',null,'Padre las Casas','10');
Insert into USER_MIS_OFERTAS.CIUDAD (ID_CIUDAD,DESCRIPCION,NOMBRE,REGION_ID_REGION) values ('208',null,'Perquenco','10');
Insert into USER_MIS_OFERTAS.CIUDAD (ID_CIUDAD,DESCRIPCION,NOMBRE,REGION_ID_REGION) values ('209',null,'Pitrufquén','10');
Insert into USER_MIS_OFERTAS.CIUDAD (ID_CIUDAD,DESCRIPCION,NOMBRE,REGION_ID_REGION) values ('210',null,'Pucón','10');
Insert into USER_MIS_OFERTAS.CIUDAD (ID_CIUDAD,DESCRIPCION,NOMBRE,REGION_ID_REGION) values ('211',null,'Saavedra','10');
Insert into USER_MIS_OFERTAS.CIUDAD (ID_CIUDAD,DESCRIPCION,NOMBRE,REGION_ID_REGION) values ('212',null,'Teodoro Schmidt','10');
Insert into USER_MIS_OFERTAS.CIUDAD (ID_CIUDAD,DESCRIPCION,NOMBRE,REGION_ID_REGION) values ('213',null,'Toltén','10');
Insert into USER_MIS_OFERTAS.CIUDAD (ID_CIUDAD,DESCRIPCION,NOMBRE,REGION_ID_REGION) values ('214',null,'Vilcún','10');
Insert into USER_MIS_OFERTAS.CIUDAD (ID_CIUDAD,DESCRIPCION,NOMBRE,REGION_ID_REGION) values ('215',null,'Villarrica','10');
Insert into USER_MIS_OFERTAS.CIUDAD (ID_CIUDAD,DESCRIPCION,NOMBRE,REGION_ID_REGION) values ('216',null,'Cholchol','10');
Insert into USER_MIS_OFERTAS.CIUDAD (ID_CIUDAD,DESCRIPCION,NOMBRE,REGION_ID_REGION) values ('217',null,'Angol','10');
Insert into USER_MIS_OFERTAS.CIUDAD (ID_CIUDAD,DESCRIPCION,NOMBRE,REGION_ID_REGION) values ('218',null,'Collipulli','10');
Insert into USER_MIS_OFERTAS.CIUDAD (ID_CIUDAD,DESCRIPCION,NOMBRE,REGION_ID_REGION) values ('219',null,'Curacautín','10');
Insert into USER_MIS_OFERTAS.CIUDAD (ID_CIUDAD,DESCRIPCION,NOMBRE,REGION_ID_REGION) values ('220',null,'Ercilla','10');
Insert into USER_MIS_OFERTAS.CIUDAD (ID_CIUDAD,DESCRIPCION,NOMBRE,REGION_ID_REGION) values ('221',null,'Lonquimay','10');
Insert into USER_MIS_OFERTAS.CIUDAD (ID_CIUDAD,DESCRIPCION,NOMBRE,REGION_ID_REGION) values ('222',null,'Los Sauces','10');
Insert into USER_MIS_OFERTAS.CIUDAD (ID_CIUDAD,DESCRIPCION,NOMBRE,REGION_ID_REGION) values ('223',null,'Lumaco','10');
Insert into USER_MIS_OFERTAS.CIUDAD (ID_CIUDAD,DESCRIPCION,NOMBRE,REGION_ID_REGION) values ('224',null,'Purén','10');
Insert into USER_MIS_OFERTAS.CIUDAD (ID_CIUDAD,DESCRIPCION,NOMBRE,REGION_ID_REGION) values ('225',null,'Renaico','10');
Insert into USER_MIS_OFERTAS.CIUDAD (ID_CIUDAD,DESCRIPCION,NOMBRE,REGION_ID_REGION) values ('226',null,'Traiguén','10');
Insert into USER_MIS_OFERTAS.CIUDAD (ID_CIUDAD,DESCRIPCION,NOMBRE,REGION_ID_REGION) values ('227',null,'Victoria','10');
Insert into USER_MIS_OFERTAS.CIUDAD (ID_CIUDAD,DESCRIPCION,NOMBRE,REGION_ID_REGION) values ('228',null,'Puerto Montt','11');
Insert into USER_MIS_OFERTAS.CIUDAD (ID_CIUDAD,DESCRIPCION,NOMBRE,REGION_ID_REGION) values ('229',null,'Calbuco','11');
Insert into USER_MIS_OFERTAS.CIUDAD (ID_CIUDAD,DESCRIPCION,NOMBRE,REGION_ID_REGION) values ('230',null,'Cochamó','11');
Insert into USER_MIS_OFERTAS.CIUDAD (ID_CIUDAD,DESCRIPCION,NOMBRE,REGION_ID_REGION) values ('231',null,'Fresia','11');
Insert into USER_MIS_OFERTAS.CIUDAD (ID_CIUDAD,DESCRIPCION,NOMBRE,REGION_ID_REGION) values ('232',null,'Frutillar','11');
Insert into USER_MIS_OFERTAS.CIUDAD (ID_CIUDAD,DESCRIPCION,NOMBRE,REGION_ID_REGION) values ('233',null,'Los Muermos','11');
Insert into USER_MIS_OFERTAS.CIUDAD (ID_CIUDAD,DESCRIPCION,NOMBRE,REGION_ID_REGION) values ('234',null,'Llanquihue','11');
Insert into USER_MIS_OFERTAS.CIUDAD (ID_CIUDAD,DESCRIPCION,NOMBRE,REGION_ID_REGION) values ('235',null,'Maullín','11');
Insert into USER_MIS_OFERTAS.CIUDAD (ID_CIUDAD,DESCRIPCION,NOMBRE,REGION_ID_REGION) values ('236',null,'Puerto Varas','11');
Insert into USER_MIS_OFERTAS.CIUDAD (ID_CIUDAD,DESCRIPCION,NOMBRE,REGION_ID_REGION) values ('237',null,'Castro','11');
Insert into USER_MIS_OFERTAS.CIUDAD (ID_CIUDAD,DESCRIPCION,NOMBRE,REGION_ID_REGION) values ('238',null,'Ancud','11');
Insert into USER_MIS_OFERTAS.CIUDAD (ID_CIUDAD,DESCRIPCION,NOMBRE,REGION_ID_REGION) values ('239',null,'Chonchi','11');
Insert into USER_MIS_OFERTAS.CIUDAD (ID_CIUDAD,DESCRIPCION,NOMBRE,REGION_ID_REGION) values ('240',null,'Curaco de Vélez','11');
Insert into USER_MIS_OFERTAS.CIUDAD (ID_CIUDAD,DESCRIPCION,NOMBRE,REGION_ID_REGION) values ('241',null,'Dalcahue','11');
Insert into USER_MIS_OFERTAS.CIUDAD (ID_CIUDAD,DESCRIPCION,NOMBRE,REGION_ID_REGION) values ('242',null,'Puqueldón','11');
Insert into USER_MIS_OFERTAS.CIUDAD (ID_CIUDAD,DESCRIPCION,NOMBRE,REGION_ID_REGION) values ('243',null,'Queilén','11');
Insert into USER_MIS_OFERTAS.CIUDAD (ID_CIUDAD,DESCRIPCION,NOMBRE,REGION_ID_REGION) values ('244',null,'Quellón','11');
Insert into USER_MIS_OFERTAS.CIUDAD (ID_CIUDAD,DESCRIPCION,NOMBRE,REGION_ID_REGION) values ('245',null,'Quemchi','11');
Insert into USER_MIS_OFERTAS.CIUDAD (ID_CIUDAD,DESCRIPCION,NOMBRE,REGION_ID_REGION) values ('246',null,'Quinchao','11');
Insert into USER_MIS_OFERTAS.CIUDAD (ID_CIUDAD,DESCRIPCION,NOMBRE,REGION_ID_REGION) values ('247',null,'Osorno','11');
Insert into USER_MIS_OFERTAS.CIUDAD (ID_CIUDAD,DESCRIPCION,NOMBRE,REGION_ID_REGION) values ('248',null,'Puerto Octay','11');
Insert into USER_MIS_OFERTAS.CIUDAD (ID_CIUDAD,DESCRIPCION,NOMBRE,REGION_ID_REGION) values ('249',null,'Purranque','11');
Insert into USER_MIS_OFERTAS.CIUDAD (ID_CIUDAD,DESCRIPCION,NOMBRE,REGION_ID_REGION) values ('250',null,'Puyehue','11');
Insert into USER_MIS_OFERTAS.CIUDAD (ID_CIUDAD,DESCRIPCION,NOMBRE,REGION_ID_REGION) values ('251',null,'Río Negro','11');
Insert into USER_MIS_OFERTAS.CIUDAD (ID_CIUDAD,DESCRIPCION,NOMBRE,REGION_ID_REGION) values ('252',null,'San Juan de la Costa','11');
Insert into USER_MIS_OFERTAS.CIUDAD (ID_CIUDAD,DESCRIPCION,NOMBRE,REGION_ID_REGION) values ('253',null,'San Pablo','11');
Insert into USER_MIS_OFERTAS.CIUDAD (ID_CIUDAD,DESCRIPCION,NOMBRE,REGION_ID_REGION) values ('254',null,'Chaitén','12');
Insert into USER_MIS_OFERTAS.CIUDAD (ID_CIUDAD,DESCRIPCION,NOMBRE,REGION_ID_REGION) values ('255',null,'Futaleufú','12');
Insert into USER_MIS_OFERTAS.CIUDAD (ID_CIUDAD,DESCRIPCION,NOMBRE,REGION_ID_REGION) values ('256',null,'Hualaihué','12');
Insert into USER_MIS_OFERTAS.CIUDAD (ID_CIUDAD,DESCRIPCION,NOMBRE,REGION_ID_REGION) values ('257',null,'Palena','12');
Insert into USER_MIS_OFERTAS.CIUDAD (ID_CIUDAD,DESCRIPCION,NOMBRE,REGION_ID_REGION) values ('258',null,'Coyhaique','12');
Insert into USER_MIS_OFERTAS.CIUDAD (ID_CIUDAD,DESCRIPCION,NOMBRE,REGION_ID_REGION) values ('259',null,'Lago Verde','12');
Insert into USER_MIS_OFERTAS.CIUDAD (ID_CIUDAD,DESCRIPCION,NOMBRE,REGION_ID_REGION) values ('260',null,'Aysén','12');
Insert into USER_MIS_OFERTAS.CIUDAD (ID_CIUDAD,DESCRIPCION,NOMBRE,REGION_ID_REGION) values ('261',null,'Cisnes','12');
Insert into USER_MIS_OFERTAS.CIUDAD (ID_CIUDAD,DESCRIPCION,NOMBRE,REGION_ID_REGION) values ('262',null,'Guaitecas','12');
Insert into USER_MIS_OFERTAS.CIUDAD (ID_CIUDAD,DESCRIPCION,NOMBRE,REGION_ID_REGION) values ('263',null,'Cochrane','12');
Insert into USER_MIS_OFERTAS.CIUDAD (ID_CIUDAD,DESCRIPCION,NOMBRE,REGION_ID_REGION) values ('264',null,'O''Higgins','12');
Insert into USER_MIS_OFERTAS.CIUDAD (ID_CIUDAD,DESCRIPCION,NOMBRE,REGION_ID_REGION) values ('265',null,'Tortel','12');
Insert into USER_MIS_OFERTAS.CIUDAD (ID_CIUDAD,DESCRIPCION,NOMBRE,REGION_ID_REGION) values ('266',null,'Chile Chico','12');
Insert into USER_MIS_OFERTAS.CIUDAD (ID_CIUDAD,DESCRIPCION,NOMBRE,REGION_ID_REGION) values ('267',null,'Río Ibáñez','12');
Insert into USER_MIS_OFERTAS.CIUDAD (ID_CIUDAD,DESCRIPCION,NOMBRE,REGION_ID_REGION) values ('268',null,'Punta Arenas','13');
Insert into USER_MIS_OFERTAS.CIUDAD (ID_CIUDAD,DESCRIPCION,NOMBRE,REGION_ID_REGION) values ('269',null,'Laguna Blanca','13');
Insert into USER_MIS_OFERTAS.CIUDAD (ID_CIUDAD,DESCRIPCION,NOMBRE,REGION_ID_REGION) values ('270',null,'Río Verde','13');
Insert into USER_MIS_OFERTAS.CIUDAD (ID_CIUDAD,DESCRIPCION,NOMBRE,REGION_ID_REGION) values ('271',null,'San Gregorio','13');
Insert into USER_MIS_OFERTAS.CIUDAD (ID_CIUDAD,DESCRIPCION,NOMBRE,REGION_ID_REGION) values ('272',null,'Cabo de Hornos','13');
Insert into USER_MIS_OFERTAS.CIUDAD (ID_CIUDAD,DESCRIPCION,NOMBRE,REGION_ID_REGION) values ('273',null,'Antártica','13');
Insert into USER_MIS_OFERTAS.CIUDAD (ID_CIUDAD,DESCRIPCION,NOMBRE,REGION_ID_REGION) values ('274',null,'Porvenir','13');
Insert into USER_MIS_OFERTAS.CIUDAD (ID_CIUDAD,DESCRIPCION,NOMBRE,REGION_ID_REGION) values ('275',null,'Primavera','13');
Insert into USER_MIS_OFERTAS.CIUDAD (ID_CIUDAD,DESCRIPCION,NOMBRE,REGION_ID_REGION) values ('276',null,'Timaukel','13');
Insert into USER_MIS_OFERTAS.CIUDAD (ID_CIUDAD,DESCRIPCION,NOMBRE,REGION_ID_REGION) values ('277',null,'Natales','13');
Insert into USER_MIS_OFERTAS.CIUDAD (ID_CIUDAD,DESCRIPCION,NOMBRE,REGION_ID_REGION) values ('278',null,'Torres del Paine','13');
Insert into USER_MIS_OFERTAS.CIUDAD (ID_CIUDAD,DESCRIPCION,NOMBRE,REGION_ID_REGION) values ('280',null,'Cerrillos','1');
Insert into USER_MIS_OFERTAS.CIUDAD (ID_CIUDAD,DESCRIPCION,NOMBRE,REGION_ID_REGION) values ('281',null,'Cerro Navia','1');
Insert into USER_MIS_OFERTAS.CIUDAD (ID_CIUDAD,DESCRIPCION,NOMBRE,REGION_ID_REGION) values ('282',null,'Conchalí','1');
Insert into USER_MIS_OFERTAS.CIUDAD (ID_CIUDAD,DESCRIPCION,NOMBRE,REGION_ID_REGION) values ('283',null,'El Bosque','1');
Insert into USER_MIS_OFERTAS.CIUDAD (ID_CIUDAD,DESCRIPCION,NOMBRE,REGION_ID_REGION) values ('284',null,'Estación Central','1');
Insert into USER_MIS_OFERTAS.CIUDAD (ID_CIUDAD,DESCRIPCION,NOMBRE,REGION_ID_REGION) values ('285',null,'Huechuraba','1');
Insert into USER_MIS_OFERTAS.CIUDAD (ID_CIUDAD,DESCRIPCION,NOMBRE,REGION_ID_REGION) values ('286',null,'Independencia','1');
Insert into USER_MIS_OFERTAS.CIUDAD (ID_CIUDAD,DESCRIPCION,NOMBRE,REGION_ID_REGION) values ('287',null,'La Cisterna','1');
Insert into USER_MIS_OFERTAS.CIUDAD (ID_CIUDAD,DESCRIPCION,NOMBRE,REGION_ID_REGION) values ('288',null,'La Florida','1');
Insert into USER_MIS_OFERTAS.CIUDAD (ID_CIUDAD,DESCRIPCION,NOMBRE,REGION_ID_REGION) values ('289',null,'La Granja','1');
Insert into USER_MIS_OFERTAS.CIUDAD (ID_CIUDAD,DESCRIPCION,NOMBRE,REGION_ID_REGION) values ('290',null,'La Pintana','1');
Insert into USER_MIS_OFERTAS.CIUDAD (ID_CIUDAD,DESCRIPCION,NOMBRE,REGION_ID_REGION) values ('291',null,'La Reina','1');
Insert into USER_MIS_OFERTAS.CIUDAD (ID_CIUDAD,DESCRIPCION,NOMBRE,REGION_ID_REGION) values ('292',null,'Las Condes','1');
Insert into USER_MIS_OFERTAS.CIUDAD (ID_CIUDAD,DESCRIPCION,NOMBRE,REGION_ID_REGION) values ('293',null,'Lo Barnechea','1');
Insert into USER_MIS_OFERTAS.CIUDAD (ID_CIUDAD,DESCRIPCION,NOMBRE,REGION_ID_REGION) values ('294',null,'Lo Espejo','1');
Insert into USER_MIS_OFERTAS.CIUDAD (ID_CIUDAD,DESCRIPCION,NOMBRE,REGION_ID_REGION) values ('295',null,'Lo Prado','1');
Insert into USER_MIS_OFERTAS.CIUDAD (ID_CIUDAD,DESCRIPCION,NOMBRE,REGION_ID_REGION) values ('296',null,'Macul','1');
Insert into USER_MIS_OFERTAS.CIUDAD (ID_CIUDAD,DESCRIPCION,NOMBRE,REGION_ID_REGION) values ('297',null,'Maipú','1');
Insert into USER_MIS_OFERTAS.CIUDAD (ID_CIUDAD,DESCRIPCION,NOMBRE,REGION_ID_REGION) values ('298',null,'Ñuñoa','1');
Insert into USER_MIS_OFERTAS.CIUDAD (ID_CIUDAD,DESCRIPCION,NOMBRE,REGION_ID_REGION) values ('299',null,'Pedro Aguirre Cerda','1');
Insert into USER_MIS_OFERTAS.CIUDAD (ID_CIUDAD,DESCRIPCION,NOMBRE,REGION_ID_REGION) values ('300',null,'Peñalolén','1');
Insert into USER_MIS_OFERTAS.CIUDAD (ID_CIUDAD,DESCRIPCION,NOMBRE,REGION_ID_REGION) values ('301',null,'Providencia','1');
Insert into USER_MIS_OFERTAS.CIUDAD (ID_CIUDAD,DESCRIPCION,NOMBRE,REGION_ID_REGION) values ('302',null,'Pudahuel','1');
Insert into USER_MIS_OFERTAS.CIUDAD (ID_CIUDAD,DESCRIPCION,NOMBRE,REGION_ID_REGION) values ('303',null,'Quilicura','1');
Insert into USER_MIS_OFERTAS.CIUDAD (ID_CIUDAD,DESCRIPCION,NOMBRE,REGION_ID_REGION) values ('304',null,'Quinta Normal','1');
Insert into USER_MIS_OFERTAS.CIUDAD (ID_CIUDAD,DESCRIPCION,NOMBRE,REGION_ID_REGION) values ('305',null,'Recoleta','1');
Insert into USER_MIS_OFERTAS.CIUDAD (ID_CIUDAD,DESCRIPCION,NOMBRE,REGION_ID_REGION) values ('306',null,'Renca','1');
Insert into USER_MIS_OFERTAS.CIUDAD (ID_CIUDAD,DESCRIPCION,NOMBRE,REGION_ID_REGION) values ('307',null,'San Joaquín','1');
Insert into USER_MIS_OFERTAS.CIUDAD (ID_CIUDAD,DESCRIPCION,NOMBRE,REGION_ID_REGION) values ('308',null,'San Miguel','1');
Insert into USER_MIS_OFERTAS.CIUDAD (ID_CIUDAD,DESCRIPCION,NOMBRE,REGION_ID_REGION) values ('309',null,'San Ramón','1');
Insert into USER_MIS_OFERTAS.CIUDAD (ID_CIUDAD,DESCRIPCION,NOMBRE,REGION_ID_REGION) values ('310',null,'Vitacura','1');
Insert into USER_MIS_OFERTAS.CIUDAD (ID_CIUDAD,DESCRIPCION,NOMBRE,REGION_ID_REGION) values ('311',null,'Puente Alto','1');
Insert into USER_MIS_OFERTAS.CIUDAD (ID_CIUDAD,DESCRIPCION,NOMBRE,REGION_ID_REGION) values ('312',null,'Pirque','1');
Insert into USER_MIS_OFERTAS.CIUDAD (ID_CIUDAD,DESCRIPCION,NOMBRE,REGION_ID_REGION) values ('313',null,'San José de Maipo','1');
Insert into USER_MIS_OFERTAS.CIUDAD (ID_CIUDAD,DESCRIPCION,NOMBRE,REGION_ID_REGION) values ('314',null,'Colina','1');
Insert into USER_MIS_OFERTAS.CIUDAD (ID_CIUDAD,DESCRIPCION,NOMBRE,REGION_ID_REGION) values ('315',null,'Lampa','1');
Insert into USER_MIS_OFERTAS.CIUDAD (ID_CIUDAD,DESCRIPCION,NOMBRE,REGION_ID_REGION) values ('316',null,'Tiltil','1');
Insert into USER_MIS_OFERTAS.CIUDAD (ID_CIUDAD,DESCRIPCION,NOMBRE,REGION_ID_REGION) values ('317',null,'San Bernardo','1');
Insert into USER_MIS_OFERTAS.CIUDAD (ID_CIUDAD,DESCRIPCION,NOMBRE,REGION_ID_REGION) values ('318',null,'Buin','1');
Insert into USER_MIS_OFERTAS.CIUDAD (ID_CIUDAD,DESCRIPCION,NOMBRE,REGION_ID_REGION) values ('319',null,'Calera de Tango','1');
Insert into USER_MIS_OFERTAS.CIUDAD (ID_CIUDAD,DESCRIPCION,NOMBRE,REGION_ID_REGION) values ('320',null,'Paine','1');
Insert into USER_MIS_OFERTAS.CIUDAD (ID_CIUDAD,DESCRIPCION,NOMBRE,REGION_ID_REGION) values ('321',null,'Melipilla','1');
Insert into USER_MIS_OFERTAS.CIUDAD (ID_CIUDAD,DESCRIPCION,NOMBRE,REGION_ID_REGION) values ('322',null,'Alhué','1');
Insert into USER_MIS_OFERTAS.CIUDAD (ID_CIUDAD,DESCRIPCION,NOMBRE,REGION_ID_REGION) values ('323',null,'Curacaví','1');
Insert into USER_MIS_OFERTAS.CIUDAD (ID_CIUDAD,DESCRIPCION,NOMBRE,REGION_ID_REGION) values ('324',null,'María Pinto','1');
Insert into USER_MIS_OFERTAS.CIUDAD (ID_CIUDAD,DESCRIPCION,NOMBRE,REGION_ID_REGION) values ('325',null,'San Pedro','1');
Insert into USER_MIS_OFERTAS.CIUDAD (ID_CIUDAD,DESCRIPCION,NOMBRE,REGION_ID_REGION) values ('326',null,'Talagante','1');
Insert into USER_MIS_OFERTAS.CIUDAD (ID_CIUDAD,DESCRIPCION,NOMBRE,REGION_ID_REGION) values ('327',null,'El Monte','1');
Insert into USER_MIS_OFERTAS.CIUDAD (ID_CIUDAD,DESCRIPCION,NOMBRE,REGION_ID_REGION) values ('328',null,'Isla de Maipo','1');
Insert into USER_MIS_OFERTAS.CIUDAD (ID_CIUDAD,DESCRIPCION,NOMBRE,REGION_ID_REGION) values ('329',null,'Padre Hurtado','1');
Insert into USER_MIS_OFERTAS.CIUDAD (ID_CIUDAD,DESCRIPCION,NOMBRE,REGION_ID_REGION) values ('330',null,'Peñaflor','1');
Insert into USER_MIS_OFERTAS.CIUDAD (ID_CIUDAD,DESCRIPCION,NOMBRE,REGION_ID_REGION) values ('331',null,'Valdivia','14');
Insert into USER_MIS_OFERTAS.CIUDAD (ID_CIUDAD,DESCRIPCION,NOMBRE,REGION_ID_REGION) values ('332',null,'Corral','14');
Insert into USER_MIS_OFERTAS.CIUDAD (ID_CIUDAD,DESCRIPCION,NOMBRE,REGION_ID_REGION) values ('333',null,'Lanco','14');
Insert into USER_MIS_OFERTAS.CIUDAD (ID_CIUDAD,DESCRIPCION,NOMBRE,REGION_ID_REGION) values ('334',null,'Los Lagos','14');
Insert into USER_MIS_OFERTAS.CIUDAD (ID_CIUDAD,DESCRIPCION,NOMBRE,REGION_ID_REGION) values ('335',null,'Máfil','14');
Insert into USER_MIS_OFERTAS.CIUDAD (ID_CIUDAD,DESCRIPCION,NOMBRE,REGION_ID_REGION) values ('336',null,'Mariquina','14');
Insert into USER_MIS_OFERTAS.CIUDAD (ID_CIUDAD,DESCRIPCION,NOMBRE,REGION_ID_REGION) values ('337',null,'Paillaco','14');
Insert into USER_MIS_OFERTAS.CIUDAD (ID_CIUDAD,DESCRIPCION,NOMBRE,REGION_ID_REGION) values ('338',null,'Panguipulli','14');
Insert into USER_MIS_OFERTAS.CIUDAD (ID_CIUDAD,DESCRIPCION,NOMBRE,REGION_ID_REGION) values ('339',null,'La Unión','14');
Insert into USER_MIS_OFERTAS.CIUDAD (ID_CIUDAD,DESCRIPCION,NOMBRE,REGION_ID_REGION) values ('340',null,'Futrono','14');
Insert into USER_MIS_OFERTAS.CIUDAD (ID_CIUDAD,DESCRIPCION,NOMBRE,REGION_ID_REGION) values ('341',null,'Lago Ranco','14');
Insert into USER_MIS_OFERTAS.CIUDAD (ID_CIUDAD,DESCRIPCION,NOMBRE,REGION_ID_REGION) values ('342',null,'Río Bueno','14');
Insert into USER_MIS_OFERTAS.CIUDAD (ID_CIUDAD,DESCRIPCION,NOMBRE,REGION_ID_REGION) values ('343',null,'Arica','15');
Insert into USER_MIS_OFERTAS.CIUDAD (ID_CIUDAD,DESCRIPCION,NOMBRE,REGION_ID_REGION) values ('344',null,'Camarones','15');
Insert into USER_MIS_OFERTAS.CIUDAD (ID_CIUDAD,DESCRIPCION,NOMBRE,REGION_ID_REGION) values ('345',null,'Putre','15');
Insert into USER_MIS_OFERTAS.CIUDAD (ID_CIUDAD,DESCRIPCION,NOMBRE,REGION_ID_REGION) values ('346',null,'General Lagos','15');
REM INSERTING into USER_MIS_OFERTAS.CLIENTE
SET DEFINE OFF;
Insert into USER_MIS_OFERTAS.CLIENTE (ID_CLIENTE,ACEPTA_INFORMATIVO,ACTUALIZACION,CONTRASENA,CORREO,FECHA_NACIMIENTO,INICIO,TELEFONO,CIUDAD_ID_CIUDAD,ESTADO_ID_ESTADO,PERSONA_IDPERSONA) values ('41','0',to_timestamp('29/10/17 00:00:00,000000000','DD/MM/RR HH24:MI:SSXFF'),'zz','csalgadolizana@gmail.com',to_timestamp('03/04/16 00:00:00,000000000','DD/MM/RR HH24:MI:SSXFF'),to_timestamp('29/10/17 00:00:00,000000000','DD/MM/RR HH24:MI:SSXFF'),'2435678','2','1','61');
Insert into USER_MIS_OFERTAS.CLIENTE (ID_CLIENTE,ACEPTA_INFORMATIVO,ACTUALIZACION,CONTRASENA,CORREO,FECHA_NACIMIENTO,INICIO,TELEFONO,CIUDAD_ID_CIUDAD,ESTADO_ID_ESTADO,PERSONA_IDPERSONA) values ('3','1',to_timestamp('20/10/17 00:00:00,000000000','DD/MM/RR HH24:MI:SSXFF'),'prueba2','prueba2@SAD.CL',to_timestamp('20/08/90 00:00:00,000000000','DD/MM/RR HH24:MI:SSXFF'),to_timestamp('19/10/17 00:00:00,000000000','DD/MM/RR HH24:MI:SSXFF'),'1234567','1','1','1');
Insert into USER_MIS_OFERTAS.CLIENTE (ID_CLIENTE,ACEPTA_INFORMATIVO,ACTUALIZACION,CONTRASENA,CORREO,FECHA_NACIMIENTO,INICIO,TELEFONO,CIUDAD_ID_CIUDAD,ESTADO_ID_ESTADO,PERSONA_IDPERSONA) values ('2','1',to_timestamp('23/10/17 00:00:00,000000000','DD/MM/RR HH24:MI:SSXFF'),'22','izan@gmail.com',to_timestamp('06/12/95 00:00:00,000000000','DD/MM/RR HH24:MI:SSXFF'),to_timestamp('23/10/17 00:00:00,000000000','DD/MM/RR HH24:MI:SSXFF'),'123456','1','1','34');
Insert into USER_MIS_OFERTAS.CLIENTE (ID_CLIENTE,ACEPTA_INFORMATIVO,ACTUALIZACION,CONTRASENA,CORREO,FECHA_NACIMIENTO,INICIO,TELEFONO,CIUDAD_ID_CIUDAD,ESTADO_ID_ESTADO,PERSONA_IDPERSONA) values ('4','1',to_timestamp('24/10/17 00:00:00,000000000','DD/MM/RR HH24:MI:SSXFF'),'huascar1994090','oscarrojasroman@gmail.com',to_timestamp('06/09/94 00:00:00,000000000','DD/MM/RR HH24:MI:SSXFF'),to_timestamp('24/10/17 00:00:00,000000000','DD/MM/RR HH24:MI:SSXFF'),'95888415','1','1','36');
Insert into USER_MIS_OFERTAS.CLIENTE (ID_CLIENTE,ACEPTA_INFORMATIVO,ACTUALIZACION,CONTRASENA,CORREO,FECHA_NACIMIENTO,INICIO,TELEFONO,CIUDAD_ID_CIUDAD,ESTADO_ID_ESTADO,PERSONA_IDPERSONA) values ('5','1',to_timestamp('24/10/17 00:00:00,000000000','DD/MM/RR HH24:MI:SSXFF'),'duoc12345.','v.vasquezm@profesor.duoc.cl',to_timestamp('15/02/84 00:00:00,000000000','DD/MM/RR HH24:MI:SSXFF'),to_timestamp('24/10/17 00:00:00,000000000','DD/MM/RR HH24:MI:SSXFF'),'9299292','1','1','37');
Insert into USER_MIS_OFERTAS.CLIENTE (ID_CLIENTE,ACEPTA_INFORMATIVO,ACTUALIZACION,CONTRASENA,CORREO,FECHA_NACIMIENTO,INICIO,TELEFONO,CIUDAD_ID_CIUDAD,ESTADO_ID_ESTADO,PERSONA_IDPERSONA) values ('6','1',to_timestamp('24/10/17 00:00:00,000000000','DD/MM/RR HH24:MI:SSXFF'),'contacto@toomwest.cl','contacto@toomwest.cl',to_timestamp('28/01/98 00:00:00,000000000','DD/MM/RR HH24:MI:SSXFF'),to_timestamp('24/10/17 00:00:00,000000000','DD/MM/RR HH24:MI:SSXFF'),'234567','1','1','38');
REM INSERTING into USER_MIS_OFERTAS.DESCUENTO
SET DEFINE OFF;
Insert into USER_MIS_OFERTAS.DESCUENTO (ACTUALIZACION,CODIGO,INICIO,PUNTOS_USADOS,TOPE,ID_DESCUENTO,VALOR,ESTADO_ID_ESTADO,CATEGORIA_ID_CATEGORIA,CLIENTE_ID_CLIENTE) values (to_timestamp('19/10/17 00:00:00,000000000','DD/MM/RR HH24:MI:SSXFF'),'qew123',to_timestamp('19/10/17 00:00:00,000000000','DD/MM/RR HH24:MI:SSXFF'),'50','20','3','2000','1','2','3');
REM INSERTING into USER_MIS_OFERTAS.DETALLE_NEWSLETTER
SET DEFINE OFF;
REM INSERTING into USER_MIS_OFERTAS.DETALLE_OFERTA
SET DEFINE OFF;
Insert into USER_MIS_OFERTAS.DETALLE_OFERTA (ID_DET_OFERTA,PRODUCTO_ID_PRODUCTO,OFERTA_ID_OFERTA) values ('2','1','1');
REM INSERTING into USER_MIS_OFERTAS.EMPRESA
SET DEFINE OFF;
Insert into USER_MIS_OFERTAS.EMPRESA (ID_EMPRESA,ACTUALIZACION,DESCRIPCION,INICIO,NOMBRE,RUT,ESTADO_ID_ESTADO) values ('1',to_timestamp('20/10/17 00:00:00,000000000','DD/MM/RR HH24:MI:SSXFF'),'RETAIL ',to_timestamp('20/10/17 00:00:00,000000000','DD/MM/RR HH24:MI:SSXFF'),'FALABELLA','12453-8','1');
Insert into USER_MIS_OFERTAS.EMPRESA (ID_EMPRESA,ACTUALIZACION,DESCRIPCION,INICIO,NOMBRE,RUT,ESTADO_ID_ESTADO) values ('2',null,'RETAIL',null,'PARIS','1212','1');
Insert into USER_MIS_OFERTAS.EMPRESA (ID_EMPRESA,ACTUALIZACION,DESCRIPCION,INICIO,NOMBRE,RUT,ESTADO_ID_ESTADO) values ('3',to_timestamp('21/10/17 00:00:00,000000000','DD/MM/RR HH24:MI:SSXFF'),'232',to_timestamp('28/10/17 00:00:00,000000000','DD/MM/RR HH24:MI:SSXFF'),'23232','12321','1');
REM INSERTING into USER_MIS_OFERTAS.ESTADO
SET DEFINE OFF;
Insert into USER_MIS_OFERTAS.ESTADO (ID_ESTADO,DESCRIPCION) values ('1','ACTIVO');
Insert into USER_MIS_OFERTAS.ESTADO (ID_ESTADO,DESCRIPCION) values ('2','NO ACTIVO');
REM INSERTING into USER_MIS_OFERTAS.FOTO
SET DEFINE OFF;
REM INSERTING into USER_MIS_OFERTAS.INFORMATIVO
SET DEFINE OFF;
REM INSERTING into USER_MIS_OFERTAS.INFORME_BI
SET DEFINE OFF;
REM INSERTING into USER_MIS_OFERTAS.LOCAL
SET DEFINE OFF;
Insert into USER_MIS_OFERTAS.LOCAL (ID_LOCAL,DIRECCION,NOMBRE,CIUDAD_ID_CIUDAD,EMPRESA_ID_EMPRESA) values ('1','AV.LA FLORIDA 2051','FALABELLA TOBALABA','1','1');
REM INSERTING into USER_MIS_OFERTAS.MD_ADDITIONAL_PROPERTIES
SET DEFINE OFF;
REM INSERTING into USER_MIS_OFERTAS.MD_APPLICATIONFILES
SET DEFINE OFF;
REM INSERTING into USER_MIS_OFERTAS.MD_APPLICATIONS
SET DEFINE OFF;
REM INSERTING into USER_MIS_OFERTAS.MD_CATALOGS
SET DEFINE OFF;
REM INSERTING into USER_MIS_OFERTAS.MD_CODE_REGEX
SET DEFINE OFF;
Insert into USER_MIS_OFERTAS.MD_CODE_REGEX (ID,REGEX,DESCRIPTION) values ('1','\#[A-Z1-9\@\#\_]','Temporary tables');
Insert into USER_MIS_OFERTAS.MD_CODE_REGEX (ID,REGEX,DESCRIPTION) values ('2','INSERT','Insert statements');
Insert into USER_MIS_OFERTAS.MD_CODE_REGEX (ID,REGEX,DESCRIPTION) values ('3','SELECT','Select statements');
Insert into USER_MIS_OFERTAS.MD_CODE_REGEX (ID,REGEX,DESCRIPTION) values ('4','UPDATE','Update Statements');
Insert into USER_MIS_OFERTAS.MD_CODE_REGEX (ID,REGEX,DESCRIPTION) values ('5','DELETE','Delete Statements');
REM INSERTING into USER_MIS_OFERTAS.MD_COLUMNS
SET DEFINE OFF;
REM INSERTING into USER_MIS_OFERTAS.MD_CONNECTIONS
SET DEFINE OFF;
REM INSERTING into USER_MIS_OFERTAS.MD_CONSTRAINT_DETAILS
SET DEFINE OFF;
REM INSERTING into USER_MIS_OFERTAS.MD_CONSTRAINTS
SET DEFINE OFF;
REM INSERTING into USER_MIS_OFERTAS.MD_DERIVATIVES
SET DEFINE OFF;
REM INSERTING into USER_MIS_OFERTAS.MD_FILE_ARTIFACTS
SET DEFINE OFF;
REM INSERTING into USER_MIS_OFERTAS.MD_GROUP_MEMBERS
SET DEFINE OFF;
REM INSERTING into USER_MIS_OFERTAS.MD_GROUP_PRIVILEGES
SET DEFINE OFF;
REM INSERTING into USER_MIS_OFERTAS.MD_GROUPS
SET DEFINE OFF;
REM INSERTING into USER_MIS_OFERTAS.MD_INDEX_DETAILS
SET DEFINE OFF;
REM INSERTING into USER_MIS_OFERTAS.MD_INDEXES
SET DEFINE OFF;
REM INSERTING into USER_MIS_OFERTAS.MD_MIGR_DEPENDENCY
SET DEFINE OFF;
REM INSERTING into USER_MIS_OFERTAS.MD_MIGR_PARAMETER
SET DEFINE OFF;
REM INSERTING into USER_MIS_OFERTAS.MD_MIGR_WEAKDEP
SET DEFINE OFF;
REM INSERTING into USER_MIS_OFERTAS.MD_NUMROW$SOURCE
SET DEFINE OFF;
REM INSERTING into USER_MIS_OFERTAS.MD_NUMROW$TARGET
SET DEFINE OFF;
REM INSERTING into USER_MIS_OFERTAS.MD_OTHER_OBJECTS
SET DEFINE OFF;
REM INSERTING into USER_MIS_OFERTAS.MD_PACKAGES
SET DEFINE OFF;
REM INSERTING into USER_MIS_OFERTAS.MD_PARTITIONS
SET DEFINE OFF;
REM INSERTING into USER_MIS_OFERTAS.MD_PRIVILEGES
SET DEFINE OFF;
REM INSERTING into USER_MIS_OFERTAS.MD_PROJECTS
SET DEFINE OFF;
REM INSERTING into USER_MIS_OFERTAS.MD_REGISTRY
SET DEFINE OFF;
REM INSERTING into USER_MIS_OFERTAS.MD_REPOVERSIONS
SET DEFINE OFF;
REM INSERTING into USER_MIS_OFERTAS.MD_SCHEMAS
SET DEFINE OFF;
REM INSERTING into USER_MIS_OFERTAS.MD_SEQUENCES
SET DEFINE OFF;
REM INSERTING into USER_MIS_OFERTAS.MD_STORED_PROGRAMS
SET DEFINE OFF;
REM INSERTING into USER_MIS_OFERTAS.MD_SYNONYMS
SET DEFINE OFF;
REM INSERTING into USER_MIS_OFERTAS.MD_TABLES
SET DEFINE OFF;
REM INSERTING into USER_MIS_OFERTAS.MD_TABLESPACES
SET DEFINE OFF;
REM INSERTING into USER_MIS_OFERTAS.MD_TRIGGERS
SET DEFINE OFF;
REM INSERTING into USER_MIS_OFERTAS.MD_USER_DEFINED_DATA_TYPES
SET DEFINE OFF;
REM INSERTING into USER_MIS_OFERTAS.MD_USER_PRIVILEGES
SET DEFINE OFF;
REM INSERTING into USER_MIS_OFERTAS.MD_USERS
SET DEFINE OFF;
REM INSERTING into USER_MIS_OFERTAS.MD_VIEWS
SET DEFINE OFF;
REM INSERTING into USER_MIS_OFERTAS.MIGR_DATATYPE_TRANSFORM_MAP
SET DEFINE OFF;
REM INSERTING into USER_MIS_OFERTAS.MIGR_DATATYPE_TRANSFORM_RULE
SET DEFINE OFF;
REM INSERTING into USER_MIS_OFERTAS.MIGR_GENERATION_ORDER
SET DEFINE OFF;
REM INSERTING into USER_MIS_OFERTAS.MIGRLOG
SET DEFINE OFF;
REM INSERTING into USER_MIS_OFERTAS.OFERTA
SET DEFINE OFF;
Insert into USER_MIS_OFERTAS.OFERTA (ID_OFERTA,ACTUALIZACION,DESCRIPCION,INICIO,MAXIMO_COMPRA,MINIMO_COMPRA,NOMBRE,NUMERO_VISITAS,PRECIO_NORMAL,PRECIO_OFERTA,ESTADO_ID_ESTADO) values ('1',to_timestamp('19/10/17 00:00:00,000000000','DD/MM/RR HH24:MI:SSXFF'),'MNNM',to_timestamp('19/10/17 00:00:00,000000000','DD/MM/RR HH24:MI:SSXFF'),'100','10','ASD','100','1000','800','1');
Insert into USER_MIS_OFERTAS.OFERTA (ID_OFERTA,ACTUALIZACION,DESCRIPCION,INICIO,MAXIMO_COMPRA,MINIMO_COMPRA,NOMBRE,NUMERO_VISITAS,PRECIO_NORMAL,PRECIO_OFERTA,ESTADO_ID_ESTADO) values ('5',to_timestamp('23/10/17 00:00:00,000000000','DD/MM/RR HH24:MI:SSXFF'),'Listar2',to_timestamp('23/10/17 00:00:00,000000000','DD/MM/RR HH24:MI:SSXFF'),'20','1','Prueba','20','15000','12000','2');
Insert into USER_MIS_OFERTAS.OFERTA (ID_OFERTA,ACTUALIZACION,DESCRIPCION,INICIO,MAXIMO_COMPRA,MINIMO_COMPRA,NOMBRE,NUMERO_VISITAS,PRECIO_NORMAL,PRECIO_OFERTA,ESTADO_ID_ESTADO) values ('3',to_timestamp('23/10/17 00:00:00,000000000','DD/MM/RR HH24:MI:SSXFF'),'update',to_timestamp('23/10/17 00:00:00,000000000','DD/MM/RR HH24:MI:SSXFF'),'20','1','prueba','2','150000','85000','2');
Insert into USER_MIS_OFERTAS.OFERTA (ID_OFERTA,ACTUALIZACION,DESCRIPCION,INICIO,MAXIMO_COMPRA,MINIMO_COMPRA,NOMBRE,NUMERO_VISITAS,PRECIO_NORMAL,PRECIO_OFERTA,ESTADO_ID_ESTADO) values ('4',to_timestamp('23/10/17 00:00:00,000000000','DD/MM/RR HH24:MI:SSXFF'),'Listar',to_timestamp('23/10/17 00:00:00,000000000','DD/MM/RR HH24:MI:SSXFF'),'20','1','Prueba','20','130000','110000','2');
Insert into USER_MIS_OFERTAS.OFERTA (ID_OFERTA,ACTUALIZACION,DESCRIPCION,INICIO,MAXIMO_COMPRA,MINIMO_COMPRA,NOMBRE,NUMERO_VISITAS,PRECIO_NORMAL,PRECIO_OFERTA,ESTADO_ID_ESTADO) values ('21',to_timestamp('24/10/17 00:00:00,000000000','DD/MM/RR HH24:MI:SSXFF'),'precios muy bajos',to_timestamp('24/10/17 00:00:00,000000000','DD/MM/RR HH24:MI:SSXFF'),'222','1','oferton','0','2345','565','2');
Insert into USER_MIS_OFERTAS.OFERTA (ID_OFERTA,ACTUALIZACION,DESCRIPCION,INICIO,MAXIMO_COMPRA,MINIMO_COMPRA,NOMBRE,NUMERO_VISITAS,PRECIO_NORMAL,PRECIO_OFERTA,ESTADO_ID_ESTADO) values ('22',to_timestamp('24/10/17 00:00:00,000000000','DD/MM/RR HH24:MI:SSXFF'),'precios muy bajos',to_timestamp('24/10/17 00:00:00,000000000','DD/MM/RR HH24:MI:SSXFF'),'222','1','oferton','0','2345','565','2');
Insert into USER_MIS_OFERTAS.OFERTA (ID_OFERTA,ACTUALIZACION,DESCRIPCION,INICIO,MAXIMO_COMPRA,MINIMO_COMPRA,NOMBRE,NUMERO_VISITAS,PRECIO_NORMAL,PRECIO_OFERTA,ESTADO_ID_ESTADO) values ('23',to_timestamp('24/10/17 00:00:00,000000000','DD/MM/RR HH24:MI:SSXFF'),'tv...',to_timestamp('24/10/17 00:00:00,000000000','DD/MM/RR HH24:MI:SSXFF'),'21321213','1','televisor ultra delgado','0','2345','2','2');
Insert into USER_MIS_OFERTAS.OFERTA (ID_OFERTA,ACTUALIZACION,DESCRIPCION,INICIO,MAXIMO_COMPRA,MINIMO_COMPRA,NOMBRE,NUMERO_VISITAS,PRECIO_NORMAL,PRECIO_OFERTA,ESTADO_ID_ESTADO) values ('24',to_timestamp('24/10/17 00:00:00,000000000','DD/MM/RR HH24:MI:SSXFF'),'tv...',to_timestamp('24/10/17 00:00:00,000000000','DD/MM/RR HH24:MI:SSXFF'),'21321213','1','televisor ultra delgado','0','12435','2','2');
Insert into USER_MIS_OFERTAS.OFERTA (ID_OFERTA,ACTUALIZACION,DESCRIPCION,INICIO,MAXIMO_COMPRA,MINIMO_COMPRA,NOMBRE,NUMERO_VISITAS,PRECIO_NORMAL,PRECIO_OFERTA,ESTADO_ID_ESTADO) values ('25',to_timestamp('24/10/17 00:00:00,000000000','DD/MM/RR HH24:MI:SSXFF'),'descripcion oferta',to_timestamp('24/10/17 00:00:00,000000000','DD/MM/RR HH24:MI:SSXFF'),'4','1','oferton','0','5555','555','2');
Insert into USER_MIS_OFERTAS.OFERTA (ID_OFERTA,ACTUALIZACION,DESCRIPCION,INICIO,MAXIMO_COMPRA,MINIMO_COMPRA,NOMBRE,NUMERO_VISITAS,PRECIO_NORMAL,PRECIO_OFERTA,ESTADO_ID_ESTADO) values ('41',to_timestamp('26/10/17 00:00:00,000000000','DD/MM/RR HH24:MI:SSXFF'),'Decuento en mackbook pro',to_timestamp('26/10/17 00:00:00,000000000','DD/MM/RR HH24:MI:SSXFF'),'15','1','Super descuento Apple','0','750000','675000','2');
Insert into USER_MIS_OFERTAS.OFERTA (ID_OFERTA,ACTUALIZACION,DESCRIPCION,INICIO,MAXIMO_COMPRA,MINIMO_COMPRA,NOMBRE,NUMERO_VISITAS,PRECIO_NORMAL,PRECIO_OFERTA,ESTADO_ID_ESTADO) values ('42',to_timestamp('26/10/17 00:00:00,000000000','DD/MM/RR HH24:MI:SSXFF'),'Decuento en mackbook pro',to_timestamp('26/10/17 00:00:00,000000000','DD/MM/RR HH24:MI:SSXFF'),'15','1','Super descuento Apple','0','750000','675000','2');
Insert into USER_MIS_OFERTAS.OFERTA (ID_OFERTA,ACTUALIZACION,DESCRIPCION,INICIO,MAXIMO_COMPRA,MINIMO_COMPRA,NOMBRE,NUMERO_VISITAS,PRECIO_NORMAL,PRECIO_OFERTA,ESTADO_ID_ESTADO) values ('43',to_timestamp('26/10/17 00:00:00,000000000','DD/MM/RR HH24:MI:SSXFF'),'Decuento en mackbook pro',to_timestamp('26/10/17 00:00:00,000000000','DD/MM/RR HH24:MI:SSXFF'),'15','1','Super descuento Apple','0','750000','675000','2');
Insert into USER_MIS_OFERTAS.OFERTA (ID_OFERTA,ACTUALIZACION,DESCRIPCION,INICIO,MAXIMO_COMPRA,MINIMO_COMPRA,NOMBRE,NUMERO_VISITAS,PRECIO_NORMAL,PRECIO_OFERTA,ESTADO_ID_ESTADO) values ('44',to_timestamp('27/10/17 00:00:00,000000000','DD/MM/RR HH24:MI:SSXFF'),'zapatillas',to_timestamp('27/10/17 00:00:00,000000000','DD/MM/RR HH24:MI:SSXFF'),'300','1','zapatillas','0','29990','22220','1');
Insert into USER_MIS_OFERTAS.OFERTA (ID_OFERTA,ACTUALIZACION,DESCRIPCION,INICIO,MAXIMO_COMPRA,MINIMO_COMPRA,NOMBRE,NUMERO_VISITAS,PRECIO_NORMAL,PRECIO_OFERTA,ESTADO_ID_ESTADO) values ('45',to_timestamp('28/10/17 00:00:00,000000000','DD/MM/RR HH24:MI:SSXFF'),'Super descuento',to_timestamp('27/10/17 00:00:00,000000000','DD/MM/RR HH24:MI:SSXFF'),'8596','0','Note Lenovo','0','370000','370000','2');
Insert into USER_MIS_OFERTAS.OFERTA (ID_OFERTA,ACTUALIZACION,DESCRIPCION,INICIO,MAXIMO_COMPRA,MINIMO_COMPRA,NOMBRE,NUMERO_VISITAS,PRECIO_NORMAL,PRECIO_OFERTA,ESTADO_ID_ESTADO) values ('46',to_timestamp('28/10/17 00:00:00,000000000','DD/MM/RR HH24:MI:SSXFF'),'computador portable',to_timestamp('27/10/17 00:00:00,000000000','DD/MM/RR HH24:MI:SSXFF'),'303','0','Note Lenovo G40','0','370000','370000','1');
Insert into USER_MIS_OFERTAS.OFERTA (ID_OFERTA,ACTUALIZACION,DESCRIPCION,INICIO,MAXIMO_COMPRA,MINIMO_COMPRA,NOMBRE,NUMERO_VISITAS,PRECIO_NORMAL,PRECIO_OFERTA,ESTADO_ID_ESTADO) values ('61',to_timestamp('29/10/17 00:00:00,000000000','DD/MM/RR HH24:MI:SSXFF'),'Super decuento en la Fruna',to_timestamp('29/10/17 00:00:00,000000000','DD/MM/RR HH24:MI:SSXFF'),'9','0','Chocman','0','200','120','2');
Insert into USER_MIS_OFERTAS.OFERTA (ID_OFERTA,ACTUALIZACION,DESCRIPCION,INICIO,MAXIMO_COMPRA,MINIMO_COMPRA,NOMBRE,NUMERO_VISITAS,PRECIO_NORMAL,PRECIO_OFERTA,ESTADO_ID_ESTADO) values ('81',to_timestamp('31/10/17 00:00:00,000000000','DD/MM/RR HH24:MI:SSXFF'),'zapatilla deportiva especialmente para gente que le gusta el running',to_timestamp('31/10/17 00:00:00,000000000','DD/MM/RR HH24:MI:SSXFF'),'20','1','Zapatillas Nike','0','29990','25000','1');
Insert into USER_MIS_OFERTAS.OFERTA (ID_OFERTA,ACTUALIZACION,DESCRIPCION,INICIO,MAXIMO_COMPRA,MINIMO_COMPRA,NOMBRE,NUMERO_VISITAS,PRECIO_NORMAL,PRECIO_OFERTA,ESTADO_ID_ESTADO) values ('82',to_timestamp('31/10/17 00:00:00,000000000','DD/MM/RR HH24:MI:SSXFF'),'Oferta para su mascota',to_timestamp('31/10/17 00:00:00,000000000','DD/MM/RR HH24:MI:SSXFF'),'30','1','Juguetes para mascota','0','2000','1500','1');
Insert into USER_MIS_OFERTAS.OFERTA (ID_OFERTA,ACTUALIZACION,DESCRIPCION,INICIO,MAXIMO_COMPRA,MINIMO_COMPRA,NOMBRE,NUMERO_VISITAS,PRECIO_NORMAL,PRECIO_OFERTA,ESTADO_ID_ESTADO) values ('83',to_timestamp('31/10/17 00:00:00,000000000','DD/MM/RR HH24:MI:SSXFF'),'Aguante chocman!!',to_timestamp('31/10/17 00:00:00,000000000','DD/MM/RR HH24:MI:SSXFF'),'200','1','Chocman','0','250','200','1');
Insert into USER_MIS_OFERTAS.OFERTA (ID_OFERTA,ACTUALIZACION,DESCRIPCION,INICIO,MAXIMO_COMPRA,MINIMO_COMPRA,NOMBRE,NUMERO_VISITAS,PRECIO_NORMAL,PRECIO_OFERTA,ESTADO_ID_ESTADO) values ('84',to_timestamp('31/10/17 00:00:00,000000000','DD/MM/RR HH24:MI:SSXFF'),'Oferta en god of war 3 para todas las consolas, oferta valida solo con tarjeta misOfertas',to_timestamp('31/10/17 00:00:00,000000000','DD/MM/RR HH24:MI:SSXFF'),'10','1','God of war 3','0','19990','18500','1');
REM INSERTING into USER_MIS_OFERTAS.OFERTALOCAL
SET DEFINE OFF;
Insert into USER_MIS_OFERTAS.OFERTALOCAL (DESCRIPCION,LOCAL_ID_LOCAL,IDOFERTALOCAL,OFERTA_ID_OFERTA) values ('asd','1','1','1');
Insert into USER_MIS_OFERTAS.OFERTALOCAL (DESCRIPCION,LOCAL_ID_LOCAL,IDOFERTALOCAL,OFERTA_ID_OFERTA) values ('Decuento en mackbook pro','1','1','41');
Insert into USER_MIS_OFERTAS.OFERTALOCAL (DESCRIPCION,LOCAL_ID_LOCAL,IDOFERTALOCAL,OFERTA_ID_OFERTA) values ('Decuento en mackbook pro','1','2','42');
Insert into USER_MIS_OFERTAS.OFERTALOCAL (DESCRIPCION,LOCAL_ID_LOCAL,IDOFERTALOCAL,OFERTA_ID_OFERTA) values ('Decuento en mackbook pro','1','3','43');
Insert into USER_MIS_OFERTAS.OFERTALOCAL (DESCRIPCION,LOCAL_ID_LOCAL,IDOFERTALOCAL,OFERTA_ID_OFERTA) values ('zapatillas','1','4','44');
Insert into USER_MIS_OFERTAS.OFERTALOCAL (DESCRIPCION,LOCAL_ID_LOCAL,IDOFERTALOCAL,OFERTA_ID_OFERTA) values ('ffhjg','1','5','45');
Insert into USER_MIS_OFERTAS.OFERTALOCAL (DESCRIPCION,LOCAL_ID_LOCAL,IDOFERTALOCAL,OFERTA_ID_OFERTA) values ('rgjj','1','6','46');
Insert into USER_MIS_OFERTAS.OFERTALOCAL (DESCRIPCION,LOCAL_ID_LOCAL,IDOFERTALOCAL,OFERTA_ID_OFERTA) values ('Super decuento en la fruna','1','21','61');
Insert into USER_MIS_OFERTAS.OFERTALOCAL (DESCRIPCION,LOCAL_ID_LOCAL,IDOFERTALOCAL,OFERTA_ID_OFERTA) values ('Oferta para su mascota','1','41','82');
Insert into USER_MIS_OFERTAS.OFERTALOCAL (DESCRIPCION,LOCAL_ID_LOCAL,IDOFERTALOCAL,OFERTA_ID_OFERTA) values ('Aguante chocman!!','1','42','83');
REM INSERTING into USER_MIS_OFERTAS.OFERTAVISI
SET DEFINE OFF;
Insert into USER_MIS_OFERTAS.OFERTAVISI (IDOFERTAV,FECHA_VISITA,CLIENTE_ID_CLIENTE,OFERTA_ID_OFERTA) values ('2',to_timestamp('30/10/17 00:00:00,000000000','DD/MM/RR HH24:MI:SSXFF'),'41','1');
Insert into USER_MIS_OFERTAS.OFERTAVISI (IDOFERTAV,FECHA_VISITA,CLIENTE_ID_CLIENTE,OFERTA_ID_OFERTA) values ('3',to_timestamp('30/10/17 00:00:00,000000000','DD/MM/RR HH24:MI:SSXFF'),'41','4');
Insert into USER_MIS_OFERTAS.OFERTAVISI (IDOFERTAV,FECHA_VISITA,CLIENTE_ID_CLIENTE,OFERTA_ID_OFERTA) values ('6',to_timestamp('30/10/17 00:00:00,000000000','DD/MM/RR HH24:MI:SSXFF'),'41','1');
Insert into USER_MIS_OFERTAS.OFERTAVISI (IDOFERTAV,FECHA_VISITA,CLIENTE_ID_CLIENTE,OFERTA_ID_OFERTA) values ('7',to_timestamp('30/10/17 00:00:00,000000000','DD/MM/RR HH24:MI:SSXFF'),'41','1');
Insert into USER_MIS_OFERTAS.OFERTAVISI (IDOFERTAV,FECHA_VISITA,CLIENTE_ID_CLIENTE,OFERTA_ID_OFERTA) values ('9',to_timestamp('30/10/17 00:00:00,000000000','DD/MM/RR HH24:MI:SSXFF'),'41','21');
Insert into USER_MIS_OFERTAS.OFERTAVISI (IDOFERTAV,FECHA_VISITA,CLIENTE_ID_CLIENTE,OFERTA_ID_OFERTA) values ('12',to_timestamp('30/10/17 00:00:00,000000000','DD/MM/RR HH24:MI:SSXFF'),'41','1');
Insert into USER_MIS_OFERTAS.OFERTAVISI (IDOFERTAV,FECHA_VISITA,CLIENTE_ID_CLIENTE,OFERTA_ID_OFERTA) values ('15',to_timestamp('30/10/17 00:00:00,000000000','DD/MM/RR HH24:MI:SSXFF'),'41','5');
Insert into USER_MIS_OFERTAS.OFERTAVISI (IDOFERTAV,FECHA_VISITA,CLIENTE_ID_CLIENTE,OFERTA_ID_OFERTA) values ('16',to_timestamp('30/10/17 00:00:00,000000000','DD/MM/RR HH24:MI:SSXFF'),'41','5');
Insert into USER_MIS_OFERTAS.OFERTAVISI (IDOFERTAV,FECHA_VISITA,CLIENTE_ID_CLIENTE,OFERTA_ID_OFERTA) values ('17',to_timestamp('30/10/17 00:00:00,000000000','DD/MM/RR HH24:MI:SSXFF'),'41','4');
Insert into USER_MIS_OFERTAS.OFERTAVISI (IDOFERTAV,FECHA_VISITA,CLIENTE_ID_CLIENTE,OFERTA_ID_OFERTA) values ('22',to_timestamp('30/10/17 00:00:00,000000000','DD/MM/RR HH24:MI:SSXFF'),'41','1');
Insert into USER_MIS_OFERTAS.OFERTAVISI (IDOFERTAV,FECHA_VISITA,CLIENTE_ID_CLIENTE,OFERTA_ID_OFERTA) values ('26',to_timestamp('30/10/17 00:00:00,000000000','DD/MM/RR HH24:MI:SSXFF'),'41','1');
Insert into USER_MIS_OFERTAS.OFERTAVISI (IDOFERTAV,FECHA_VISITA,CLIENTE_ID_CLIENTE,OFERTA_ID_OFERTA) values ('27',to_timestamp('30/10/17 00:00:00,000000000','DD/MM/RR HH24:MI:SSXFF'),'41','1');
Insert into USER_MIS_OFERTAS.OFERTAVISI (IDOFERTAV,FECHA_VISITA,CLIENTE_ID_CLIENTE,OFERTA_ID_OFERTA) values ('28',to_timestamp('30/10/17 00:00:00,000000000','DD/MM/RR HH24:MI:SSXFF'),'41','46');
Insert into USER_MIS_OFERTAS.OFERTAVISI (IDOFERTAV,FECHA_VISITA,CLIENTE_ID_CLIENTE,OFERTA_ID_OFERTA) values ('41',to_timestamp('31/10/17 00:00:00,000000000','DD/MM/RR HH24:MI:SSXFF'),'41','46');
Insert into USER_MIS_OFERTAS.OFERTAVISI (IDOFERTAV,FECHA_VISITA,CLIENTE_ID_CLIENTE,OFERTA_ID_OFERTA) values ('42',to_timestamp('31/10/17 00:00:00,000000000','DD/MM/RR HH24:MI:SSXFF'),'41','44');
Insert into USER_MIS_OFERTAS.OFERTAVISI (IDOFERTAV,FECHA_VISITA,CLIENTE_ID_CLIENTE,OFERTA_ID_OFERTA) values ('43',to_timestamp('31/10/17 00:00:00,000000000','DD/MM/RR HH24:MI:SSXFF'),'41','1');
Insert into USER_MIS_OFERTAS.OFERTAVISI (IDOFERTAV,FECHA_VISITA,CLIENTE_ID_CLIENTE,OFERTA_ID_OFERTA) values ('44',to_timestamp('31/10/17 00:00:00,000000000','DD/MM/RR HH24:MI:SSXFF'),'41','1');
Insert into USER_MIS_OFERTAS.OFERTAVISI (IDOFERTAV,FECHA_VISITA,CLIENTE_ID_CLIENTE,OFERTA_ID_OFERTA) values ('45',to_timestamp('31/10/17 00:00:00,000000000','DD/MM/RR HH24:MI:SSXFF'),'41','1');
Insert into USER_MIS_OFERTAS.OFERTAVISI (IDOFERTAV,FECHA_VISITA,CLIENTE_ID_CLIENTE,OFERTA_ID_OFERTA) values ('46',to_timestamp('31/10/17 00:00:00,000000000','DD/MM/RR HH24:MI:SSXFF'),'41','81');
Insert into USER_MIS_OFERTAS.OFERTAVISI (IDOFERTAV,FECHA_VISITA,CLIENTE_ID_CLIENTE,OFERTA_ID_OFERTA) values ('47',to_timestamp('31/10/17 00:00:00,000000000','DD/MM/RR HH24:MI:SSXFF'),'41','81');
Insert into USER_MIS_OFERTAS.OFERTAVISI (IDOFERTAV,FECHA_VISITA,CLIENTE_ID_CLIENTE,OFERTA_ID_OFERTA) values ('48',to_timestamp('31/10/17 00:00:00,000000000','DD/MM/RR HH24:MI:SSXFF'),'41','82');
Insert into USER_MIS_OFERTAS.OFERTAVISI (IDOFERTAV,FECHA_VISITA,CLIENTE_ID_CLIENTE,OFERTA_ID_OFERTA) values ('49',to_timestamp('31/10/17 00:00:00,000000000','DD/MM/RR HH24:MI:SSXFF'),'41','61');
Insert into USER_MIS_OFERTAS.OFERTAVISI (IDOFERTAV,FECHA_VISITA,CLIENTE_ID_CLIENTE,OFERTA_ID_OFERTA) values ('50',to_timestamp('31/10/17 00:00:00,000000000','DD/MM/RR HH24:MI:SSXFF'),'41','83');
Insert into USER_MIS_OFERTAS.OFERTAVISI (IDOFERTAV,FECHA_VISITA,CLIENTE_ID_CLIENTE,OFERTA_ID_OFERTA) values ('51',to_timestamp('31/10/17 00:00:00,000000000','DD/MM/RR HH24:MI:SSXFF'),'41','44');
Insert into USER_MIS_OFERTAS.OFERTAVISI (IDOFERTAV,FECHA_VISITA,CLIENTE_ID_CLIENTE,OFERTA_ID_OFERTA) values ('52',to_timestamp('31/10/17 00:00:00,000000000','DD/MM/RR HH24:MI:SSXFF'),'41','46');
Insert into USER_MIS_OFERTAS.OFERTAVISI (IDOFERTAV,FECHA_VISITA,CLIENTE_ID_CLIENTE,OFERTA_ID_OFERTA) values ('53',to_timestamp('31/10/17 00:00:00,000000000','DD/MM/RR HH24:MI:SSXFF'),'41','83');
Insert into USER_MIS_OFERTAS.OFERTAVISI (IDOFERTAV,FECHA_VISITA,CLIENTE_ID_CLIENTE,OFERTA_ID_OFERTA) values ('54',to_timestamp('31/10/17 00:00:00,000000000','DD/MM/RR HH24:MI:SSXFF'),'41','84');
Insert into USER_MIS_OFERTAS.OFERTAVISI (IDOFERTAV,FECHA_VISITA,CLIENTE_ID_CLIENTE,OFERTA_ID_OFERTA) values ('55',to_timestamp('31/10/17 00:00:00,000000000','DD/MM/RR HH24:MI:SSXFF'),'41','84');
Insert into USER_MIS_OFERTAS.OFERTAVISI (IDOFERTAV,FECHA_VISITA,CLIENTE_ID_CLIENTE,OFERTA_ID_OFERTA) values ('56',to_timestamp('31/10/17 00:00:00,000000000','DD/MM/RR HH24:MI:SSXFF'),'41','46');
Insert into USER_MIS_OFERTAS.OFERTAVISI (IDOFERTAV,FECHA_VISITA,CLIENTE_ID_CLIENTE,OFERTA_ID_OFERTA) values ('57',to_timestamp('31/10/17 00:00:00,000000000','DD/MM/RR HH24:MI:SSXFF'),'41','44');
Insert into USER_MIS_OFERTAS.OFERTAVISI (IDOFERTAV,FECHA_VISITA,CLIENTE_ID_CLIENTE,OFERTA_ID_OFERTA) values ('58',to_timestamp('31/10/17 00:00:00,000000000','DD/MM/RR HH24:MI:SSXFF'),'41','44');
Insert into USER_MIS_OFERTAS.OFERTAVISI (IDOFERTAV,FECHA_VISITA,CLIENTE_ID_CLIENTE,OFERTA_ID_OFERTA) values ('59',to_timestamp('31/10/17 00:00:00,000000000','DD/MM/RR HH24:MI:SSXFF'),'41','46');
Insert into USER_MIS_OFERTAS.OFERTAVISI (IDOFERTAV,FECHA_VISITA,CLIENTE_ID_CLIENTE,OFERTA_ID_OFERTA) values ('60',to_timestamp('31/10/17 00:00:00,000000000','DD/MM/RR HH24:MI:SSXFF'),'41','81');
Insert into USER_MIS_OFERTAS.OFERTAVISI (IDOFERTAV,FECHA_VISITA,CLIENTE_ID_CLIENTE,OFERTA_ID_OFERTA) values ('61',to_timestamp('31/10/17 00:00:00,000000000','DD/MM/RR HH24:MI:SSXFF'),'41','46');
Insert into USER_MIS_OFERTAS.OFERTAVISI (IDOFERTAV,FECHA_VISITA,CLIENTE_ID_CLIENTE,OFERTA_ID_OFERTA) values ('62',to_timestamp('31/10/17 00:00:00,000000000','DD/MM/RR HH24:MI:SSXFF'),'41','44');
Insert into USER_MIS_OFERTAS.OFERTAVISI (IDOFERTAV,FECHA_VISITA,CLIENTE_ID_CLIENTE,OFERTA_ID_OFERTA) values ('63',to_timestamp('31/10/17 00:00:00,000000000','DD/MM/RR HH24:MI:SSXFF'),'41','46');
Insert into USER_MIS_OFERTAS.OFERTAVISI (IDOFERTAV,FECHA_VISITA,CLIENTE_ID_CLIENTE,OFERTA_ID_OFERTA) values ('64',to_timestamp('31/10/17 00:00:00,000000000','DD/MM/RR HH24:MI:SSXFF'),'41','46');
Insert into USER_MIS_OFERTAS.OFERTAVISI (IDOFERTAV,FECHA_VISITA,CLIENTE_ID_CLIENTE,OFERTA_ID_OFERTA) values ('81',to_timestamp('02/11/17 00:00:00,000000000','DD/MM/RR HH24:MI:SSXFF'),'41','44');
Insert into USER_MIS_OFERTAS.OFERTAVISI (IDOFERTAV,FECHA_VISITA,CLIENTE_ID_CLIENTE,OFERTA_ID_OFERTA) values ('82',to_timestamp('02/11/17 00:00:00,000000000','DD/MM/RR HH24:MI:SSXFF'),'41','46');
Insert into USER_MIS_OFERTAS.OFERTAVISI (IDOFERTAV,FECHA_VISITA,CLIENTE_ID_CLIENTE,OFERTA_ID_OFERTA) values ('101',to_timestamp('05/11/17 00:00:00,000000000','DD/MM/RR HH24:MI:SSXFF'),'41','44');
Insert into USER_MIS_OFERTAS.OFERTAVISI (IDOFERTAV,FECHA_VISITA,CLIENTE_ID_CLIENTE,OFERTA_ID_OFERTA) values ('102',to_timestamp('05/11/17 00:00:00,000000000','DD/MM/RR HH24:MI:SSXFF'),'41','44');
Insert into USER_MIS_OFERTAS.OFERTAVISI (IDOFERTAV,FECHA_VISITA,CLIENTE_ID_CLIENTE,OFERTA_ID_OFERTA) values ('103',to_timestamp('05/11/17 00:00:00,000000000','DD/MM/RR HH24:MI:SSXFF'),'41','44');
Insert into USER_MIS_OFERTAS.OFERTAVISI (IDOFERTAV,FECHA_VISITA,CLIENTE_ID_CLIENTE,OFERTA_ID_OFERTA) values ('104',to_timestamp('05/11/17 00:00:00,000000000','DD/MM/RR HH24:MI:SSXFF'),'41','44');
Insert into USER_MIS_OFERTAS.OFERTAVISI (IDOFERTAV,FECHA_VISITA,CLIENTE_ID_CLIENTE,OFERTA_ID_OFERTA) values ('105',to_timestamp('05/11/17 00:00:00,000000000','DD/MM/RR HH24:MI:SSXFF'),'41','46');
REM INSERTING into USER_MIS_OFERTAS.PERSONA
SET DEFINE OFF;
Insert into USER_MIS_OFERTAS.PERSONA (IDPERSONA,APELLIDOS,NOMBRE,RUT,SEXO_ID_SEXO) values ('1','CIRILO','TOMY','19778558-3','1');
Insert into USER_MIS_OFERTAS.PERSONA (IDPERSONA,APELLIDOS,NOMBRE,RUT,SEXO_ID_SEXO) values ('2','Alvarez','Felipe','19136124-4','2');
Insert into USER_MIS_OFERTAS.PERSONA (IDPERSONA,APELLIDOS,NOMBRE,RUT,SEXO_ID_SEXO) values ('3','Perez','Juan','17542328-4','1');
Insert into USER_MIS_OFERTAS.PERSONA (IDPERSONA,APELLIDOS,NOMBRE,RUT,SEXO_ID_SEXO) values ('4','Salazar','Catalina','18576123-4','2');
Insert into USER_MIS_OFERTAS.PERSONA (IDPERSONA,APELLIDOS,NOMBRE,RUT,SEXO_ID_SEXO) values ('8','Rojas','Oscar ','18731686-3','1');
Insert into USER_MIS_OFERTAS.PERSONA (IDPERSONA,APELLIDOS,NOMBRE,RUT,SEXO_ID_SEXO) values ('9','Bastardo','Tomas','66664595565','2');
Insert into USER_MIS_OFERTAS.PERSONA (IDPERSONA,APELLIDOS,NOMBRE,RUT,SEXO_ID_SEXO) values ('10','asd','weon','89797','1');
Insert into USER_MIS_OFERTAS.PERSONA (IDPERSONA,APELLIDOS,NOMBRE,RUT,SEXO_ID_SEXO) values ('11','asd','weon','89797','1');
Insert into USER_MIS_OFERTAS.PERSONA (IDPERSONA,APELLIDOS,NOMBRE,RUT,SEXO_ID_SEXO) values ('12','Gallardo','Mele','123847987','1');
Insert into USER_MIS_OFERTAS.PERSONA (IDPERSONA,APELLIDOS,NOMBRE,RUT,SEXO_ID_SEXO) values ('21','Salgado','Cristopher','23456','1');
Insert into USER_MIS_OFERTAS.PERSONA (IDPERSONA,APELLIDOS,NOMBRE,RUT,SEXO_ID_SEXO) values ('22','Salgado','Cristopher','23456','1');
Insert into USER_MIS_OFERTAS.PERSONA (IDPERSONA,APELLIDOS,NOMBRE,RUT,SEXO_ID_SEXO) values ('23','Salgado','Cristopher','23456','1');
Insert into USER_MIS_OFERTAS.PERSONA (IDPERSONA,APELLIDOS,NOMBRE,RUT,SEXO_ID_SEXO) values ('24','Salgado','Cristopher','23456','1');
Insert into USER_MIS_OFERTAS.PERSONA (IDPERSONA,APELLIDOS,NOMBRE,RUT,SEXO_ID_SEXO) values ('25','Salgado','Cristopher','23456','1');
Insert into USER_MIS_OFERTAS.PERSONA (IDPERSONA,APELLIDOS,NOMBRE,RUT,SEXO_ID_SEXO) values ('26','Salgado','Cristopher','23456','1');
Insert into USER_MIS_OFERTAS.PERSONA (IDPERSONA,APELLIDOS,NOMBRE,RUT,SEXO_ID_SEXO) values ('27','Salgado','Cristopher','23456','1');
Insert into USER_MIS_OFERTAS.PERSONA (IDPERSONA,APELLIDOS,NOMBRE,RUT,SEXO_ID_SEXO) values ('28','Salgado','Cristopher','23456','1');
Insert into USER_MIS_OFERTAS.PERSONA (IDPERSONA,APELLIDOS,NOMBRE,RUT,SEXO_ID_SEXO) values ('29','Salgado','Cristopher','23456','1');
Insert into USER_MIS_OFERTAS.PERSONA (IDPERSONA,APELLIDOS,NOMBRE,RUT,SEXO_ID_SEXO) values ('30','Cuq Riquelme','Cristopher','cascsa','1');
Insert into USER_MIS_OFERTAS.PERSONA (IDPERSONA,APELLIDOS,NOMBRE,RUT,SEXO_ID_SEXO) values ('31','Cuq Riquelme','Cristopher','cascsa','1');
Insert into USER_MIS_OFERTAS.PERSONA (IDPERSONA,APELLIDOS,NOMBRE,RUT,SEXO_ID_SEXO) values ('32','Cuq Riquelme','Cristopher','19220903k','1');
Insert into USER_MIS_OFERTAS.PERSONA (IDPERSONA,APELLIDOS,NOMBRE,RUT,SEXO_ID_SEXO) values ('33','Salgado','Cristopher','19220903-k','1');
Insert into USER_MIS_OFERTAS.PERSONA (IDPERSONA,APELLIDOS,NOMBRE,RUT,SEXO_ID_SEXO) values ('34','Salgado','Cristopher','19220903-k','1');
Insert into USER_MIS_OFERTAS.PERSONA (IDPERSONA,APELLIDOS,NOMBRE,RUT,SEXO_ID_SEXO) values ('35','Cuq Riquelme','Mauricio','187241804','1');
Insert into USER_MIS_OFERTAS.PERSONA (IDPERSONA,APELLIDOS,NOMBRE,RUT,SEXO_ID_SEXO) values ('36','Rojas','Oscar','187316863','1');
Insert into USER_MIS_OFERTAS.PERSONA (IDPERSONA,APELLIDOS,NOMBRE,RUT,SEXO_ID_SEXO) values ('37','vasquez','victor','13285237-3','1');
Insert into USER_MIS_OFERTAS.PERSONA (IDPERSONA,APELLIDOS,NOMBRE,RUT,SEXO_ID_SEXO) values ('38','toomwest','toomwest','34567','1');
Insert into USER_MIS_OFERTAS.PERSONA (IDPERSONA,APELLIDOS,NOMBRE,RUT,SEXO_ID_SEXO) values ('41','Esteban','Esteban','235446787','1');
Insert into USER_MIS_OFERTAS.PERSONA (IDPERSONA,APELLIDOS,NOMBRE,RUT,SEXO_ID_SEXO) values ('42','Esteban','Esteban','235446787','1');
Insert into USER_MIS_OFERTAS.PERSONA (IDPERSONA,APELLIDOS,NOMBRE,RUT,SEXO_ID_SEXO) values ('61','Salgado','Cristopher','1234546','1');
REM INSERTING into USER_MIS_OFERTAS.PRODUCTO
SET DEFINE OFF;
Insert into USER_MIS_OFERTAS.PRODUCTO (ID_PRODUCTO,ACTUALIZACION,DESCRIPCION,IMAGEN,INICIO,NOMBRE,PRECIO,CATEGORIA_ID_CATEGORIA) values ('1',to_timestamp('25/05/17 00:00:00,000000000','DD/MM/RR HH24:MI:SSXFF'),'LENOVO','ASDGADG',to_timestamp('25/05/17 00:00:00,000000000','DD/MM/RR HH24:MI:SSXFF'),'PC','1000000','1');
Insert into USER_MIS_OFERTAS.PRODUCTO (ID_PRODUCTO,ACTUALIZACION,DESCRIPCION,IMAGEN,INICIO,NOMBRE,PRECIO,CATEGORIA_ID_CATEGORIA) values ('2',to_timestamp('31/10/17 00:00:00,000000000','DD/MM/RR HH24:MI:SSXFF'),'barra de chocolate y manjar','img/productos/descarga.jpg',to_timestamp('03/01/01 00:00:00,000000000','DD/MM/RR HH24:MI:SSXFF'),'Chocman','250','3');
Insert into USER_MIS_OFERTAS.PRODUCTO (ID_PRODUCTO,ACTUALIZACION,DESCRIPCION,IMAGEN,INICIO,NOMBRE,PRECIO,CATEGORIA_ID_CATEGORIA) values ('3',to_timestamp('29/10/17 00:00:00,000000000','DD/MM/RR HH24:MI:SSXFF'),'Smartphones','img/productos/galaxy-s7.jpg',to_timestamp('22/10/17 00:00:00,000000000','DD/MM/RR HH24:MI:SSXFF'),'Galaxy S7s','550001','4');
Insert into USER_MIS_OFERTAS.PRODUCTO (ID_PRODUCTO,ACTUALIZACION,DESCRIPCION,IMAGEN,INICIO,NOMBRE,PRECIO,CATEGORIA_ID_CATEGORIA) values ('4',to_timestamp('29/10/17 00:00:00,000000000','DD/MM/RR HH24:MI:SSXFF'),'SmartTV','img/productos/samsung-smart-tv.jpg',to_timestamp('22/10/17 00:00:00,000000000','DD/MM/RR HH24:MI:SSXFF'),'Televisor Samsung','1500000','1');
Insert into USER_MIS_OFERTAS.PRODUCTO (ID_PRODUCTO,ACTUALIZACION,DESCRIPCION,IMAGEN,INICIO,NOMBRE,PRECIO,CATEGORIA_ID_CATEGORIA) values ('5',to_timestamp('26/10/17 00:00:00,000000000','DD/MM/RR HH24:MI:SSXFF'),'Apple','img\\productos\\img-Mac.jpg',to_timestamp('22/10/17 00:00:00,000000000','DD/MM/RR HH24:MI:SSXFF'),'MacBook Pro','750000','1');
Insert into USER_MIS_OFERTAS.PRODUCTO (ID_PRODUCTO,ACTUALIZACION,DESCRIPCION,IMAGEN,INICIO,NOMBRE,PRECIO,CATEGORIA_ID_CATEGORIA) values ('6',to_timestamp('29/10/17 00:00:00,000000000','DD/MM/RR HH24:MI:SSXFF'),'Licor','img/productos/jack_daniels.JPG',to_timestamp('22/10/17 00:00:00,000000000','DD/MM/RR HH24:MI:SSXFF'),'Whisky Jack Daniels','35000','3');
Insert into USER_MIS_OFERTAS.PRODUCTO (ID_PRODUCTO,ACTUALIZACION,DESCRIPCION,IMAGEN,INICIO,NOMBRE,PRECIO,CATEGORIA_ID_CATEGORIA) values ('7',to_timestamp('29/10/17 00:00:00,000000000','DD/MM/RR HH24:MI:SSXFF'),'Mueble','img/productos/escritorio.jpg',to_timestamp('22/10/17 00:00:00,000000000','DD/MM/RR HH24:MI:SSXFF'),'Escritorio','55990','3');
Insert into USER_MIS_OFERTAS.PRODUCTO (ID_PRODUCTO,ACTUALIZACION,DESCRIPCION,IMAGEN,INICIO,NOMBRE,PRECIO,CATEGORIA_ID_CATEGORIA) values ('8',to_timestamp('31/10/17 00:00:00,000000000','DD/MM/RR HH24:MI:SSXFF'),'Carnes rojas','img/productos/maxresdefault.jpg',to_timestamp('22/10/17 00:00:00,000000000','DD/MM/RR HH24:MI:SSXFF'),'Costillar','40000','3');
Insert into USER_MIS_OFERTAS.PRODUCTO (ID_PRODUCTO,ACTUALIZACION,DESCRIPCION,IMAGEN,INICIO,NOMBRE,PRECIO,CATEGORIA_ID_CATEGORIA) values ('9',to_timestamp('27/10/17 00:00:00,000000000','DD/MM/RR HH24:MI:SSXFF'),'Calzado','img\\productos\\D_Q_NP_296905-MLA25078891416_092016-Q.jpg',to_timestamp('22/10/17 00:00:00,000000000','DD/MM/RR HH24:MI:SSXFF'),'Zapatillas','29990','2');
Insert into USER_MIS_OFERTAS.PRODUCTO (ID_PRODUCTO,ACTUALIZACION,DESCRIPCION,IMAGEN,INICIO,NOMBRE,PRECIO,CATEGORIA_ID_CATEGORIA) values ('10',to_timestamp('29/10/17 00:00:00,000000000','DD/MM/RR HH24:MI:SSXFF'),'gorro de lana','img/productos/gorro-de-lana.jpg',to_timestamp('29/10/17 00:00:00,000000000','DD/MM/RR HH24:MI:SSXFF'),'Gorro','5500','2');
Insert into USER_MIS_OFERTAS.PRODUCTO (ID_PRODUCTO,ACTUALIZACION,DESCRIPCION,IMAGEN,INICIO,NOMBRE,PRECIO,CATEGORIA_ID_CATEGORIA) values ('30',to_timestamp('30/10/17 00:00:00,000000000','DD/MM/RR HH24:MI:SSXFF'),'consola en oferta','img/productos/Xbox-360-Consoles-Infobox.png',to_timestamp('30/10/17 00:00:00,000000000','DD/MM/RR HH24:MI:SSXFF'),'X box 360','350000','1');
Insert into USER_MIS_OFERTAS.PRODUCTO (ID_PRODUCTO,ACTUALIZACION,DESCRIPCION,IMAGEN,INICIO,NOMBRE,PRECIO,CATEGORIA_ID_CATEGORIA) values ('31',to_timestamp('30/10/17 00:00:00,000000000','DD/MM/RR HH24:MI:SSXFF'),'super mouse en oferta XD','img/productos/m720-triathlon-mouse.png',to_timestamp('30/10/17 00:00:00,000000000','DD/MM/RR HH24:MI:SSXFF'),'Mouse','10000','8');
Insert into USER_MIS_OFERTAS.PRODUCTO (ID_PRODUCTO,ACTUALIZACION,DESCRIPCION,IMAGEN,INICIO,NOMBRE,PRECIO,CATEGORIA_ID_CATEGORIA) values ('50',to_timestamp('31/10/17 00:00:00,000000000','DD/MM/RR HH24:MI:SSXFF'),'Jueguetes especial para mascota','img/productos/camasjuguetes-para-perros.jpg',to_timestamp('31/10/17 00:00:00,000000000','DD/MM/RR HH24:MI:SSXFF'),'Jueguetes Perro','2000','6');
Insert into USER_MIS_OFERTAS.PRODUCTO (ID_PRODUCTO,ACTUALIZACION,DESCRIPCION,IMAGEN,INICIO,NOMBRE,PRECIO,CATEGORIA_ID_CATEGORIA) values ('51',to_timestamp('31/10/17 00:00:00,000000000','DD/MM/RR HH24:MI:SSXFF'),'4k ultra HD Smart TV','img/productos/wmtcl.jpg',to_timestamp('31/10/17 00:00:00,000000000','DD/MM/RR HH24:MI:SSXFF'),'LG LED 65','1199990','1');
Insert into USER_MIS_OFERTAS.PRODUCTO (ID_PRODUCTO,ACTUALIZACION,DESCRIPCION,IMAGEN,INICIO,NOMBRE,PRECIO,CATEGORIA_ID_CATEGORIA) values ('52',to_timestamp('31/10/17 00:00:00,000000000','DD/MM/RR HH24:MI:SSXFF'),'4k ultra HD Smart TV','img/productos/wmtcl (1).jpg',to_timestamp('31/10/17 00:00:00,000000000','DD/MM/RR HH24:MI:SSXFF'),'Samsumg LED 49','399999','1');
Insert into USER_MIS_OFERTAS.PRODUCTO (ID_PRODUCTO,ACTUALIZACION,DESCRIPCION,IMAGEN,INICIO,NOMBRE,PRECIO,CATEGORIA_ID_CATEGORIA) values ('53',to_timestamp('31/10/17 00:00:00,000000000','DD/MM/RR HH24:MI:SSXFF'),'No frost 312 lts.','img/productos/wmtcl (2).jpg',to_timestamp('31/10/17 00:00:00,000000000','DD/MM/RR HH24:MI:SSXFF'),'LG Refrigerador','329990','4');
Insert into USER_MIS_OFERTAS.PRODUCTO (ID_PRODUCTO,ACTUALIZACION,DESCRIPCION,IMAGEN,INICIO,NOMBRE,PRECIO,CATEGORIA_ID_CATEGORIA) values ('54',to_timestamp('31/10/17 00:00:00,000000000','DD/MM/RR HH24:MI:SSXFF'),'No frost 231 lts.','img/productos/wmtcl (3).jpg',to_timestamp('31/10/17 00:00:00,000000000','DD/MM/RR HH24:MI:SSXFF'),'Fensa Refrigerador','299990','4');
Insert into USER_MIS_OFERTAS.PRODUCTO (ID_PRODUCTO,ACTUALIZACION,DESCRIPCION,IMAGEN,INICIO,NOMBRE,PRECIO,CATEGORIA_ID_CATEGORIA) values ('55',to_timestamp('31/10/17 00:00:00,000000000','DD/MM/RR HH24:MI:SSXFF'),'Superior 15 kg/ infinity 15','img/productos/wmtcl (4).jpg',to_timestamp('31/10/17 00:00:00,000000000','DD/MM/RR HH24:MI:SSXFF'),'Fensa Lavadora','259990','4');
Insert into USER_MIS_OFERTAS.PRODUCTO (ID_PRODUCTO,ACTUALIZACION,DESCRIPCION,IMAGEN,INICIO,NOMBRE,PRECIO,CATEGORIA_ID_CATEGORIA) values ('56',to_timestamp('31/10/17 00:00:00,000000000','DD/MM/RR HH24:MI:SSXFF'),'Ps4 Fifa 18','img/productos/wmtcl (5).jpg',to_timestamp('31/10/17 00:00:00,000000000','DD/MM/RR HH24:MI:SSXFF'),'Fifa 18','49990','5');
Insert into USER_MIS_OFERTAS.PRODUCTO (ID_PRODUCTO,ACTUALIZACION,DESCRIPCION,IMAGEN,INICIO,NOMBRE,PRECIO,CATEGORIA_ID_CATEGORIA) values ('57',to_timestamp('31/10/17 00:00:00,000000000','DD/MM/RR HH24:MI:SSXFF'),'Ps4 God of war 3 Remastered','img/productos/wmtcl (6).jpg',to_timestamp('31/10/17 00:00:00,000000000','DD/MM/RR HH24:MI:SSXFF'),'God of War 3','19990','5');
Insert into USER_MIS_OFERTAS.PRODUCTO (ID_PRODUCTO,ACTUALIZACION,DESCRIPCION,IMAGEN,INICIO,NOMBRE,PRECIO,CATEGORIA_ID_CATEGORIA) values ('58',to_timestamp('31/10/17 00:00:00,000000000','DD/MM/RR HH24:MI:SSXFF'),'Playstation Control DualShock 4','img/productos/wmtcl (7).jpg',to_timestamp('31/10/17 00:00:00,000000000','DD/MM/RR HH24:MI:SSXFF'),'Control DualShock4','39990','5');
REM INSERTING into USER_MIS_OFERTAS.PUNTOS
SET DEFINE OFF;
REM INSERTING into USER_MIS_OFERTAS.REGION
SET DEFINE OFF;
Insert into USER_MIS_OFERTAS.REGION (ID_REGION,NOMBRE) values ('1','METROPOLITANA');
Insert into USER_MIS_OFERTAS.REGION (ID_REGION,NOMBRE) values ('2','Tarapaca');
Insert into USER_MIS_OFERTAS.REGION (ID_REGION,NOMBRE) values ('3','Antofagasta');
Insert into USER_MIS_OFERTAS.REGION (ID_REGION,NOMBRE) values ('4','Atacama');
Insert into USER_MIS_OFERTAS.REGION (ID_REGION,NOMBRE) values ('5','Coquimbo');
Insert into USER_MIS_OFERTAS.REGION (ID_REGION,NOMBRE) values ('6','Valparaiso');
Insert into USER_MIS_OFERTAS.REGION (ID_REGION,NOMBRE) values ('7','Libertador Bernardo O''higgins');
Insert into USER_MIS_OFERTAS.REGION (ID_REGION,NOMBRE) values ('8','Maule');
Insert into USER_MIS_OFERTAS.REGION (ID_REGION,NOMBRE) values ('9','BioBio');
Insert into USER_MIS_OFERTAS.REGION (ID_REGION,NOMBRE) values ('10','Araucania');
Insert into USER_MIS_OFERTAS.REGION (ID_REGION,NOMBRE) values ('11','Los Lagos');
Insert into USER_MIS_OFERTAS.REGION (ID_REGION,NOMBRE) values ('12','Aisen');
Insert into USER_MIS_OFERTAS.REGION (ID_REGION,NOMBRE) values ('13','Magallanes');
Insert into USER_MIS_OFERTAS.REGION (ID_REGION,NOMBRE) values ('14','De los rios');
Insert into USER_MIS_OFERTAS.REGION (ID_REGION,NOMBRE) values ('15','Arica');
REM INSERTING into USER_MIS_OFERTAS.REPORTE
SET DEFINE OFF;
Insert into USER_MIS_OFERTAS.REPORTE (ID_REPORTE,LOCAL_ID_LOCAL) values ('1','1');
Insert into USER_MIS_OFERTAS.REPORTE (ID_REPORTE,LOCAL_ID_LOCAL) values ('3','1');
REM INSERTING into USER_MIS_OFERTAS.SEXO
SET DEFINE OFF;
Insert into USER_MIS_OFERTAS.SEXO (ID_SEXO,DESCRIPCION) values ('1','HOMBRE');
Insert into USER_MIS_OFERTAS.SEXO (ID_SEXO,DESCRIPCION) values ('2','MUJER');
REM INSERTING into USER_MIS_OFERTAS.STAGE_MIGRLOG
SET DEFINE OFF;
REM INSERTING into USER_MIS_OFERTAS.USUARIO
SET DEFINE OFF;
Insert into USER_MIS_OFERTAS.USUARIO (ID_USUARIO,ACTUALIZACION,CONTRASENA,CORREO,FECHACREADO,TELEFONO,CARGO_IDCARGO,ESTADO_ID_ESTADO,PERSONA_IDPERSONA) values ('1',to_timestamp('05/08/17 00:00:00,000000000','DD/MM/RR HH24:MI:SSXFF'),'d033e22ae348aeb5660fc2140aec35850c4da997','admin@correo.cl',to_timestamp('05/08/17 00:00:00,000000000','DD/MM/RR HH24:MI:SSXFF'),'189789','1','1','1');
Insert into USER_MIS_OFERTAS.USUARIO (ID_USUARIO,ACTUALIZACION,CONTRASENA,CORREO,FECHACREADO,TELEFONO,CARGO_IDCARGO,ESTADO_ID_ESTADO,PERSONA_IDPERSONA) values ('2',to_timestamp('20/10/17 00:00:00,000000000','DD/MM/RR HH24:MI:SSXFF'),'e0ffb90b074691c42ebd7b3cc39771b344c0083b','gerente@correo.cl',to_timestamp('19/10/17 00:00:00,000000000','DD/MM/RR HH24:MI:SSXFF'),'12212','2','1','1');
Insert into USER_MIS_OFERTAS.USUARIO (ID_USUARIO,ACTUALIZACION,CONTRASENA,CORREO,FECHACREADO,TELEFONO,CARGO_IDCARGO,ESTADO_ID_ESTADO,PERSONA_IDPERSONA) values ('3',to_timestamp('19/10/17 00:00:00,000000000','DD/MM/RR HH24:MI:SSXFF'),'encargado','encargado@correo.cl',to_timestamp('31/10/17 00:00:00,000000000','DD/MM/RR HH24:MI:SSXFF'),'32234','3','1','1');
Insert into USER_MIS_OFERTAS.USUARIO (ID_USUARIO,ACTUALIZACION,CONTRASENA,CORREO,FECHACREADO,TELEFONO,CARGO_IDCARGO,ESTADO_ID_ESTADO,PERSONA_IDPERSONA) values ('4',null,'abc','abc@gmail.com',null,'123','1','1','1');
Insert into USER_MIS_OFERTAS.USUARIO (ID_USUARIO,ACTUALIZACION,CONTRASENA,CORREO,FECHACREADO,TELEFONO,CARGO_IDCARGO,ESTADO_ID_ESTADO,PERSONA_IDPERSONA) values ('5',to_timestamp('20/10/17 00:00:00,000000000','DD/MM/RR HH24:MI:SSXFF'),'1235478695','MCUQ@GMAIL.COM',to_timestamp('20/10/17 00:00:00,000000000','DD/MM/RR HH24:MI:SSXFF'),'5699858844','1','1','1');
Insert into USER_MIS_OFERTAS.USUARIO (ID_USUARIO,ACTUALIZACION,CONTRASENA,CORREO,FECHACREADO,TELEFONO,CARGO_IDCARGO,ESTADO_ID_ESTADO,PERSONA_IDPERSONA) values ('10',to_timestamp('23/10/17 00:00:00,000000000','DD/MM/RR HH24:MI:SSXFF'),'asfdasdf','asdf|@sadf.cl',to_timestamp('23/10/17 00:00:00,000000000','DD/MM/RR HH24:MI:SSXFF'),'123123','1','1','11');
Insert into USER_MIS_OFERTAS.USUARIO (ID_USUARIO,ACTUALIZACION,CONTRASENA,CORREO,FECHACREADO,TELEFONO,CARGO_IDCARGO,ESTADO_ID_ESTADO,PERSONA_IDPERSONA) values ('11',to_timestamp('23/10/17 00:00:00,000000000','DD/MM/RR HH24:MI:SSXFF'),'asdasg','isasd@asd.cl',to_timestamp('23/10/17 00:00:00,000000000','DD/MM/RR HH24:MI:SSXFF'),'98456487','2','1','12');
Insert into USER_MIS_OFERTAS.USUARIO (ID_USUARIO,ACTUALIZACION,CONTRASENA,CORREO,FECHACREADO,TELEFONO,CARGO_IDCARGO,ESTADO_ID_ESTADO,PERSONA_IDPERSONA) values ('8',to_timestamp('23/10/17 00:00:00,000000000','DD/MM/RR HH24:MI:SSXFF'),'oscar8947','oscar@gmail.com',to_timestamp('23/10/17 00:00:00,000000000','DD/MM/RR HH24:MI:SSXFF'),'555555555','1','1','8');
Insert into USER_MIS_OFERTAS.USUARIO (ID_USUARIO,ACTUALIZACION,CONTRASENA,CORREO,FECHACREADO,TELEFONO,CARGO_IDCARGO,ESTADO_ID_ESTADO,PERSONA_IDPERSONA) values ('9',to_timestamp('23/10/17 00:00:00,000000000','DD/MM/RR HH24:MI:SSXFF'),'jhsdfkasjdfh','mail@sdafd.cl',to_timestamp('23/10/17 00:00:00,000000000','DD/MM/RR HH24:MI:SSXFF'),'12345678','2','1','9');
REM INSERTING into USER_MIS_OFERTAS.USUARIOOFERTA
SET DEFINE OFF;
REM INSERTING into USER_MIS_OFERTAS.VALORACION
SET DEFINE OFF;
Insert into USER_MIS_OFERTAS.VALORACION (BOLETA_ADJUNTA,FECHAVALORACION,NOTA,ID_VALORACION,CLIENTE_ID_CLIENTE,OFERTA_ID_OFERTA,CATEGORIA_ID_CATEGORIA) values ('BOLETA1',null,'2','1','41','1','1');
Insert into USER_MIS_OFERTAS.VALORACION (BOLETA_ADJUNTA,FECHAVALORACION,NOTA,ID_VALORACION,CLIENTE_ID_CLIENTE,OFERTA_ID_OFERTA,CATEGORIA_ID_CATEGORIA) values ('11112545648',to_timestamp('20/10/17 00:00:00,000000000','DD/MM/RR HH24:MI:SSXFF'),'7','2','41','1','1');
